Time,MQ4,MQ3,MQ7,MQ135,MQ136,Temp,Hum,PM2.5,Label
02:00.2,1309,344,1114,345,418,24.7,38.5,683,1
02:00.7,1248,330,1030,349,411,24.6,38.6,644,1
02:01.2,1217,336,980,360,420,24.6,38.6,674,1
02:01.8,1163,305,913,327,404,24.7,38.6,665,1
02:02.3,1130,333,866,351,413,24.7,38.6,774,1
02:02.8,1101,314,832,331,410,24.6,38.6,739,1
02:03.3,1053,305,770,324,391,24.6,38.6,693,1
02:03.9,1023,256,732,297,391,24.6,38.5,744,1
02:04.4,989,289,696,313,384,24.7,38.6,781,0
02:04.9,927,296,685,324,395,24.6,38.6,813,0
02:05.5,983,297,670,320,378,24.7,38.6,718,0
02:06.0,923,292,639,316,392,24.6,38.5,711,0
02:06.5,913,290,644,305,350,24.6,38.5,719,0
02:07.0,882,289,610,305,390,24.7,38.6,650,0
02:07.6,861,260,608,276,372,24.7,38.6,628,0
02:08.1,849,283,606,284,392,24.7,38.5,684,0
02:08.6,824,272,568,290,368,24.6,38.6,668,0
02:09.2,815,265,564,303,371,24.6,38.6,731,0
02:09.7,731,256,554,277,364,24.7,38.5,807,0
02:10.2,786,254,548,272,313,24.7,38.6,637,0
02:10.7,771,276,550,289,381,24.7,38.5,667,0
02:11.3,763,230,550,256,367,24.7,38.5,668,0
02:11.8,738,264,529,270,362,24.7,38.5,747,0
02:12.3,735,253,544,258,364,24.7,38.6,657,0
02:12.9,726,248,538,262,299,24.7,38.5,695,0
02:13.4,658,256,520,278,373,24.7,38.5,732,0
02:13.9,698,256,526,265,357,24.7,38.5,755,0
02:14.4,689,260,474,263,362,24.7,38.6,640,0
02:15.0,684,234,544,241,358,24.6,38.6,669,0
02:15.5,681,242,526,256,358,24.6,38.6,685,0
02:16.0,640,247,500,250,351,24.7,38.5,637,0
02:16.6,660,242,514,234,352,24.7,38.5,685,0
02:17.1,659,187,528,252,370,24.7,38.5,681,0
02:17.6,623,259,508,267,368,24.7,38.5,687,0
02:18.1,640,239,501,249,340,24.7,38.5,750,0
02:18.7,681,240,508,247,312,24.7,38.5,677,0
02:19.2,640,244,526,254,371,24.7,38.5,693,0
02:19.7,643,249,516,264,364,24.7,38.5,757,0
02:20.3,612,192,502,229,355,24.7,38.5,657,0
02:20.8,576,257,496,261,362,24.6,38.5,621,0
02:21.3,593,237,490,243,352,24.7,38.5,735,0
02:21.9,596,236,504,239,335,24.7,38.5,805,0
02:22.4,602,237,512,238,363,24.7,38.4,669,0
02:22.9,598,241,512,246,370,24.7,38.5,697,0
02:23.4,538,234,482,240,344,24.7,38.5,653,0
02:24.0,571,238,489,242,343,24.7,38.5,760,0
02:24.5,569,236,489,240,350,24.7,38.4,652,0
02:25.0,583,225,512,240,365,24.6,38.4,712,0
02:25.6,578,241,512,247,365,24.6,38.5,825,0
02:26.1,551,250,491,250,360,24.7,38.4,713,0
02:26.6,565,180,504,228,366,24.7,38.4,761,0
02:27.1,569,242,500,253,346,24.7,38.4,713,0
02:27.7,550,232,479,235,297,24.7,38.4,701,0
02:28.2,551,249,499,250,359,24.7,38.4,737,0
02:28.7,513,248,486,248,367,24.7,38.4,747,0
02:29.2,539,189,491,222,348,24.7,38.4,707,0
02:29.8,525,236,489,206,351,24.7,38.4,721,0
02:30.3,552,237,516,242,304,24.6,38.4,836,0
02:30.8,541,235,491,241,310,24.8,38.3,779,0
02:31.4,526,230,482,225,340,24.7,38.4,627,0
02:31.9,500,230,470,228,355,24.7,38.3,743,0
02:32.4,526,226,492,221,345,24.8,38.2,701,0
02:32.9,524,237,495,245,319,24.7,38.4,673,0
02:33.5,465,227,472,229,340,24.7,38.4,681,0
02:34.0,512,165,485,205,342,24.7,38.4,707,0
02:34.5,517,224,491,217,346,24.6,38.4,692,0
02:35.1,520,238,512,236,354,24.6,38.4,700,0
02:35.6,473,245,488,245,354,24.7,38.4,604,0
02:36.1,509,245,494,241,356,24.7,38.4,754,0
02:36.6,506,163,501,230,358,24.7,38.4,673,0
02:37.2,501,227,482,216,283,24.7,38.4,725,0
02:37.7,493,220,482,223,339,24.7,38.4,642,0
02:38.2,505,239,505,223,357,24.6,38.4,789,0
02:38.8,488,231,479,231,346,24.6,38.4,760,0
02:39.3,490,227,483,229,296,24.7,38.4,691,0
02:39.8,485,200,486,212,340,24.7,38.4,680,0
02:40.3,496,242,487,239,348,24.7,38.4,739,0
02:40.9,437,236,482,238,354,24.7,38.4,773,0
02:41.4,489,222,466,223,329,24.7,38.4,687,0
02:41.9,491,237,501,232,354,24.7,38.4,713,0
02:42.4,480,220,487,208,340,24.7,38.4,698,0
02:43.0,476,217,488,217,340,24.7,38.4,713,0
02:43.5,478,232,486,210,306,24.7,38.4,707,0
02:44.0,480,237,496,232,353,24.7,38.4,655,0
02:44.6,478,237,499,235,353,24.6,38.4,688,0
02:45.1,475,231,499,223,356,24.7,38.4,705,0
02:45.6,419,226,470,220,318,24.7,38.4,672,0
02:46.1,481,241,489,237,348,24.7,38.4,695,0
02:46.7,467,215,483,205,339,24.7,38.4,623,0
02:47.2,433,225,462,224,332,24.7,38.4,797,0
02:47.7,461,226,470,216,336,24.7,38.4,625,0
02:48.3,421,221,469,215,333,24.6,38.4,760,0
02:48.8,470,242,492,220,354,24.7,38.4,745,0
02:49.3,429,237,466,229,346,24.7,38.4,691,0
02:49.8,464,192,493,216,354,24.7,38.4,739,0
02:50.4,456,221,484,212,270,24.7,38.4,726,0
02:50.9,458,239,491,222,347,24.7,38.4,785,0
02:51.4,447,235,480,235,348,24.7,38.4,687,0
02:52.0,465,173,492,214,354,24.7,38.4,673,0
02:52.5,457,241,484,224,336,24.6,38.4,671,0
02:53.0,464,222,493,221,354,24.7,38.4,755,0
02:53.5,410,223,462,212,332,24.7,38.4,792,0
02:54.1,469,235,488,228,338,24.7,38.4,653,0
02:54.6,411,240,475,236,346,24.7,38.4,780,0
02:55.1,421,222,466,200,332,24.7,38.4,634,0
02:55.6,407,220,462,218,328,24.7,38.4,745,0
02:56.2,436,220,480,224,335,24.7,38.4,641,0
02:56.7,450,237,488,234,354,24.7,38.5,617,0
02:57.2,446,222,480,211,295,24.7,38.4,719,0
02:57.8,453,229,496,215,355,24.7,38.4,621,0
02:58.3,414,234,480,236,347,24.7,38.4,725,0
02:58.8,438,220,470,215,297,24.7,38.5,681,0
02:59.3,446,214,495,216,354,24.7,38.4,740,0
02:59.9,438,220,478,217,312,24.7,38.4,663,0
03:00.4,479,219,483,207,337,24.7,38.4,705,0
03:00.9,433,166,480,212,350,24.7,38.4,641,0
03:01.5,441,237,501,228,245,24.6,38.5,701,0
03:02.0,435,217,489,213,340,24.7,38.4,675,0
03:02.5,438,235,483,232,346,24.7,38.5,729,0
03:03.0,427,153,484,200,331,24.7,38.4,676,0
03:03.6,438,245,486,230,349,24.6,38.4,757,0
03:04.1,405,219,461,212,330,24.7,38.5,631,0
03:04.6,412,227,466,214,330,24.7,38.4,729,0
03:05.2,429,224,478,201,338,24.7,38.4,757,0
03:05.7,409,233,485,230,351,24.6,38.5,751,0
03:06.2,414,235,481,230,347,24.6,38.4,760,0
03:06.7,434,235,486,230,347,24.8,38.3,764,0
03:07.3,407,233,478,231,344,24.8,38.3,686,0
03:07.8,425,216,490,206,345,24.7,38.4,693,0
03:08.3,392,234,484,234,343,24.7,38.5,703,0
03:08.9,413,225,472,213,330,24.7,38.4,640,0
03:09.4,424,238,494,225,350,24.7,38.5,671,0
03:09.9,422,228,479,215,326,24.7,38.5,783,0
03:10.4,418,180,482,200,334,24.7,38.5,583,0
03:11.0,421,220,486,212,270,24.6,38.5,703,0
03:11.5,420,215,489,208,296,24.7,38.4,753,0
03:12.0,449,240,478,224,342,24.7,38.4,617,0
03:12.6,421,236,495,229,350,24.7,38.4,699,0
03:13.1,424,239,493,233,350,24.6,38.5,774,0
03:13.6,426,230,495,221,358,24.6,38.5,711,0
03:14.1,419,220,482,210,347,24.7,38.4,690,0
03:14.7,431,230,502,225,347,24.7,38.5,712,0
03:15.2,413,215,482,195,334,24.7,38.4,763,0
03:15.7,413,224,474,216,315,24.7,38.4,657,0
03:16.2,395,222,481,211,318,24.8,38.4,745,0
03:16.8,418,193,493,212,346,24.7,38.4,679,0
03:17.3,413,214,481,196,334,24.6,38.4,712,0
03:17.8,414,210,483,201,338,24.7,38.5,627,0
03:18.4,416,218,469,211,308,24.6,38.4,718,0
03:18.9,384,221,466,211,330,24.8,38.3,695,0
03:19.4,406,222,476,218,328,24.7,38.5,643,0
03:19.9,404,222,474,214,328,24.6,38.4,709,0
03:20.5,405,220,475,214,332,24.7,38.4,609,0
03:21.0,404,172,481,191,332,24.6,38.4,636,0
03:21.5,402,222,467,211,327,24.7,38.4,712,0
03:22.1,405,215,484,200,338,24.6,38.5,710,0
03:22.6,407,232,488,232,343,24.7,38.4,653,0
03:23.1,417,232,495,212,350,24.6,38.4,627,0
03:23.6,373,218,459,213,324,24.6,38.4,726,0
03:24.2,405,160,477,195,328,24.7,38.4,621,0
03:24.7,414,240,491,234,346,24.6,38.4,817,0
03:25.2,363,237,480,229,342,24.7,38.4,691,0
03:25.8,416,190,496,213,350,24.6,38.4,715,0
03:26.3,414,232,497,216,282,24.6,38.4,718,0
03:26.8,360,229,480,225,342,24.7,38.4,743,0
03:27.3,391,217,474,214,328,24.7,38.4,675,0
03:27.9,406,234,493,228,347,24.6,38.4,688,0
03:28.4,408,238,494,208,355,24.6,38.4,688,0
03:28.9,413,227,505,228,354,24.7,38.4,683,0
03:29.4,403,219,479,211,286,24.7,38.4,718,0
03:30.0,396,166,479,194,332,24.7,38.4,569,0
03:30.5,416,241,490,233,348,24.6,38.4,719,0
03:31.0,408,227,498,209,347,24.6,38.4,712,0
03:31.6,413,237,492,231,348,24.6,38.4,716,0
03:32.1,401,220,488,208,337,24.6,38.4,658,0
03:32.6,393,223,470,218,324,24.7,38.4,617,0
03:33.1,401,236,490,226,345,24.6,38.4,641,0
03:33.7,423,219,461,212,319,24.6,38.4,732,0
03:34.2,397,216,482,199,271,24.7,38.4,685,0
03:34.7,420,215,478,209,298,24.7,38.4,733,0
03:35.3,1552,272,794,212,453,24.6,38.4,712,1
03:35.8,1693,336,994,216,508,24.6,38.5,715,1
03:36.3,2009,258,1246,227,585,24.6,38.4,724,1
03:36.8,1958,323,1229,250,546,24.6,38.4,668,1
03:37.4,2084,343,1201,273,512,24.8,38.3,665,1
03:37.9,2175,347,2734,272,572,24.6,38.5,687,1
03:38.4,1993,342,2631,399,564,24.6,38.4,657,1
03:39.0,1823,332,3003,429,544,24.6,38.4,694,1
03:39.5,1654,344,2852,473,499,24.6,38.4,645,1
03:40.0,1477,335,2758,488,477,24.6,38.4,717,1
03:40.5,1429,409,2654,476,471,24.6,38.5,663,1
03:41.1,1291,454,2499,462,462,24.6,38.4,720,1
03:41.6,1259,441,2478,442,460,24.6,38.5,708,1
03:42.1,1135,457,2296,458,444,24.7,38.4,681,1
03:42.7,1141,457,2160,438,437,24.6,38.5,746,1
03:43.2,1100,456,2015,418,424,24.6,38.5,629,1
03:43.7,1047,400,1892,400,417,24.6,38.5,676,1
03:44.2,1011,417,1755,400,410,24.6,38.5,701,1
03:44.8,980,413,1649,395,353,24.7,38.5,601,0
03:45.3,956,414,1539,396,418,24.7,38.5,657,0
03:45.8,908,388,1402,376,395,24.7,38.5,653,0
03:46.4,886,326,1306,352,391,24.6,38.5,626,0
03:46.9,864,366,1194,359,378,24.6,38.5,763,0
03:47.4,843,353,1125,341,386,24.7,38.5,759,0
03:48.0,758,346,1038,353,378,24.7,38.6,685,0
03:48.5,801,334,992,323,387,24.6,38.5,661,0
03:49.0,784,328,932,323,322,24.7,38.5,671,0
03:49.5,765,329,880,336,378,24.7,38.5,736,0
03:50.1,749,283,840,313,376,24.6,38.5,661,0
03:50.6,743,332,808,343,390,24.6,38.5,727,0
03:51.1,735,289,778,310,390,24.7,38.5,751,0
03:51.7,706,258,733,290,362,24.6,38.5,729,0
03:52.2,711,256,730,305,390,24.7,38.5,661,0
03:52.7,679,297,682,306,362,24.7,38.5,677,0
03:53.2,689,300,692,303,386,24.7,38.5,705,0
03:53.8,633,285,642,297,362,24.6,38.5,747,0
03:54.3,665,304,656,315,380,24.7,38.5,623,0
03:54.8,648,278,633,274,368,24.7,38.5,657,0
03:55.4,570,276,614,284,333,24.7,38.4,753,0
03:55.9,628,286,604,353,356,24.7,38.5,717,0
03:56.4,641,287,622,294,370,24.7,38.5,705,0
03:56.9,629,280,612,288,375,24.7,38.5,694,0
03:57.5,613,267,591,266,361,24.7,38.5,627,0
03:58.0,615,272,597,278,374,24.7,38.5,731,0
03:58.5,599,253,579,265,358,24.7,38.5,749,0
03:59.1,601,276,584,301,372,24.7,38.5,761,0
03:59.6,556,273,566,292,368,24.7,38.4,746,0
04:00.1,589,258,568,198,324,24.7,38.5,761,0
04:00.6,563,225,574,274,373,24.7,38.5,604,0
04:01.2,558,256,520,264,344,24.6,38.5,697,0
04:01.7,564,256,548,257,355,24.7,38.5,692,0
04:02.2,561,251,550,250,352,24.7,38.5,731,0
04:02.8,549,259,538,260,354,24.7,38.5,627,0
04:03.3,557,248,553,266,367,24.6,38.4,674,0
04:03.8,550,247,543,253,297,24.8,38.3,683,0
04:04.3,554,256,548,256,365,24.7,38.4,704,0
04:04.9,538,252,533,254,349,24.7,38.4,663,0
04:05.4,545,232,543,272,365,24.6,38.4,674,0
04:05.9,538,238,535,246,354,24.7,38.5,711,0
04:06.5,531,242,534,246,308,24.7,38.4,616,0
04:07.0,527,146,529,244,350,24.7,38.4,641,0
04:07.5,522,198,528,229,340,24.6,38.4,692,0
04:08.0,492,254,525,266,362,24.6,38.4,766,0
04:08.6,512,198,534,244,361,24.8,38.4,648,0
04:09.1,519,251,530,269,363,24.7,38.4,683,0
04:09.6,517,256,533,265,358,24.7,38.4,717,0
04:10.1,503,236,520,253,345,24.7,38.4,671,0
04:10.7,517,249,537,253,364,24.7,38.5,729,0
04:11.2,501,240,516,250,344,24.7,38.4,677,0
04:11.7,490,250,516,264,358,24.7,38.4,713,0
04:12.3,507,245,537,256,365,24.7,38.5,707,0
04:12.8,494,233,521,236,348,24.7,38.4,666,0
04:13.3,492,237,517,224,342,24.7,38.4,680,0
04:13.8,487,152,517,231,346,24.6,38.4,638,0
04:14.4,492,235,492,238,331,24.8,38.3,692,0
04:14.9,489,225,514,236,260,24.7,38.4,667,0
04:15.4,485,245,516,234,344,24.7,38.4,663,0
04:16.0,481,233,503,241,340,24.7,38.4,729,0
04:16.5,485,245,520,260,349,24.7,38.4,741,0
04:17.0,459,232,492,228,339,24.7,38.4,724,0
04:17.5,482,254,517,256,356,24.6,38.5,794,0
04:18.1,471,283,503,239,347,24.7,38.4,637,0
04:18.6,469,223,513,221,346,24.6,38.4,702,0
04:19.1,471,245,505,249,350,24.7,38.4,669,0
04:19.7,471,220,510,229,344,24.7,38.5,625,0
04:20.2,475,246,516,254,358,24.7,38.5,689,0
04:20.7,471,202,520,229,356,24.7,38.4,639,0
04:21.2,459,233,496,249,336,24.7,38.4,703,0
04:21.8,466,242,512,258,359,24.7,38.4,653,0
04:22.3,469,242,521,252,359,24.6,38.5,620,0
04:22.8,471,192,516,240,354,24.7,38.4,635,0
04:23.4,436,225,494,235,334,24.6,38.4,715,0
04:23.9,431,224,483,235,332,24.7,38.4,649,0
04:24.4,463,234,518,241,357,24.7,38.5,751,0
04:24.9,457,202,504,214,340,24.7,38.4,709,0
04:25.5,463,216,517,275,361,24.7,38.5,724,0
04:26.0,448,224,481,227,337,24.6,38.4,631,0
04:26.5,425,235,496,249,348,24.8,38.3,757,0
04:27.1,459,178,512,225,358,24.7,38.5,679,0
04:27.6,459,243,509,250,353,24.6,38.4,760,0
04:28.1,446,222,492,230,337,24.7,38.4,622,0
04:28.6,452,242,504,248,353,24.7,38.5,694,0
04:29.2,444,149,501,213,348,24.7,38.4,711,0
04:29.7,441,230,500,238,339,24.7,38.5,694,0
04:30.2,436,218,499,212,334,24.7,38.4,641,0
04:30.8,441,216,504,223,247,24.7,38.4,747,0
04:31.3,447,239,509,250,352,24.7,38.5,680,0
04:31.8,430,237,499,246,350,24.7,38.4,700,0
04:32.3,444,201,502,206,338,24.7,38.5,703,0
04:32.9,448,183,522,229,367,24.6,38.5,727,0
04:33.4,405,230,487,229,332,24.6,38.4,664,0
04:33.9,446,232,520,234,285,24.7,38.5,704,0
04:34.4,349,223,494,229,321,24.7,38.4,691,0
04:35.0,428,229,492,228,333,24.7,38.4,654,0
04:35.5,439,240,516,244,348,24.7,38.4,717,0
04:36.0,446,178,506,237,353,24.6,38.4,689,0
04:36.6,441,200,520,208,356,24.7,38.4,750,0
04:37.1,427,227,498,242,335,24.6,38.4,678,0
04:37.6,431,223,508,226,299,24.7,38.5,647,0
04:38.1,422,225,484,226,331,24.7,38.5,722,0
04:38.7,427,216,506,228,278,24.7,38.5,719,0
04:39.2,436,235,540,246,350,24.7,38.4,691,0
04:39.7,432,241,509,299,350,24.7,38.4,783,0
04:40.3,436,236,521,226,352,24.6,38.4,774,0
04:40.8,416,238,494,238,347,24.7,38.4,673,0
04:41.3,435,228,518,234,353,24.7,38.4,725,0
04:41.8,418,235,492,237,347,24.7,38.4,765,0
04:42.4,422,218,505,203,335,24.7,38.4,709,0
04:42.9,423,217,502,220,293,24.7,38.4,675,0
04:43.4,425,221,498,244,350,24.7,38.4,724,0
04:44.0,429,226,516,227,360,24.6,38.4,744,0
04:44.5,428,170,513,223,352,24.6,38.4,674,0
04:45.0,415,237,504,240,349,24.7,38.4,725,0
04:45.5,430,234,522,227,353,24.6,38.4,732,0
04:46.1,413,230,500,210,338,24.7,38.4,661,0
04:46.6,420,217,493,227,298,24.7,38.4,815,0
04:47.1,416,213,500,221,283,24.7,38.5,698,0
04:47.7,413,220,488,230,333,24.7,38.5,718,0
04:48.2,341,264,481,227,330,24.7,38.4,713,0
04:48.7,381,359,489,239,363,24.7,38.4,738,0
04:49.2,415,396,588,221,467,24.7,38.4,717,0
04:49.8,660,421,1381,242,613,24.7,38.4,712,0
04:50.3,795,465,2266,327,611,24.6,38.5,697,0
04:50.8,783,420,2760,410,578,24.6,38.5,789,0
04:51.4,838,468,3146,476,539,24.7,38.5,667,0
04:51.9,1393,441,3056,506,630,24.7,38.5,665,1
04:52.4,2296,504,2994,504,694,24.7,38.6,700,1
04:52.9,3197,549,2868,499,768,24.7,38.5,747,1
04:53.5,2855,589,2770,484,785,24.7,38.6,683,1
04:54.0,3635,604,2638,505,828,24.6,38.6,725,1
04:54.5,3693,600,2496,464,866,24.7,38.6,720,1
04:55.1,3633,620,2342,466,839,24.7,38.6,633,1
04:55.6,3301,629,2252,456,814,24.7,38.6,661,1
04:56.1,4095,587,2136,432,872,24.7,38.6,629,1
04:56.6,4095,642,2002,453,852,24.7,38.6,653,1
04:57.2,4095,647,2542,468,834,24.7,38.6,747,1
04:57.7,3782,638,3786,536,740,24.7,38.7,727,1
04:58.2,3413,626,4095,597,628,24.7,38.7,616,1
04:58.8,3091,577,4095,651,633,24.8,38.6,658,1
04:59.3,2811,554,4095,673,610,24.6,38.7,719,1
04:59.8,2547,560,4095,639,562,24.7,38.7,695,1
05:00.3,2344,555,4095,644,549,24.8,38.6,594,1
05:00.9,2160,538,4095,618,531,24.8,38.6,629,1
05:01.4,2009,516,3992,598,514,24.7,38.6,679,1
05:01.9,1861,484,3848,558,478,24.7,38.6,681,1
05:02.5,1756,475,3714,549,491,24.7,38.6,710,1
05:03.0,1628,472,3534,543,474,24.7,38.6,657,1
05:03.5,1560,450,3358,512,450,24.7,38.6,671,1
05:04.0,1491,450,3228,508,463,24.7,38.6,660,1
05:04.6,1392,418,3020,479,438,24.7,38.7,803,1
05:05.1,1350,400,2872,462,433,24.7,38.6,751,1
05:05.6,1320,389,2724,453,428,24.7,38.6,637,1
05:06.2,1249,371,2562,433,430,24.6,38.6,807,1
05:06.7,1208,372,2402,433,423,24.7,38.7,690,1
05:07.2,1179,372,2284,432,394,24.7,38.6,678,1
05:07.8,1105,353,2090,404,406,24.7,38.5,710,1
05:08.3,1096,351,1946,404,411,24.7,38.5,741,1
05:08.8,1078,347,1848,391,427,24.7,38.5,705,1
05:09.3,1052,350,1728,403,422,24.7,38.6,695,1
05:09.9,1022,328,1630,372,352,24.6,38.5,775,1
05:10.4,997,324,1502,367,354,24.7,38.5,651,0
05:10.9,983,328,1426,366,418,24.7,38.5,713,0
05:11.5,950,307,1328,348,403,24.7,38.5,591,0
05:12.0,933,328,1256,365,408,24.7,38.5,755,0
05:12.5,914,304,1186,344,398,24.7,38.5,708,0
05:13.0,900,228,1140,365,360,24.7,38.5,669,0
05:13.6,829,320,1074,351,403,24.7,38.5,735,0
05:14.1,859,294,1018,333,381,24.7,38.5,704,0
05:14.6,862,300,980,345,386,24.7,38.5,663,0
05:15.2,832,298,950,308,387,24.7,38.5,697,0
05:15.7,826,280,926,314,384,24.7,38.5,661,0
05:16.2,758,294,896,336,395,24.7,38.5,716,0
05:16.7,809,297,890,331,363,24.7,38.5,708,0
05:17.3,722,291,860,323,364,24.7,38.5,705,0
05:17.8,782,291,832,325,389,24.7,38.5,703,0
05:18.3,776,188,824,301,394,24.7,38.5,755,0
05:18.9,752,231,799,285,377,24.6,38.5,691,0
05:19.4,755,265,782,296,388,24.7,38.5,713,0
05:19.9,736,262,772,302,326,24.7,38.5,729,0
05:20.4,657,265,740,297,365,24.7,38.4,710,0
05:21.0,731,282,747,313,387,24.7,38.5,667,0
05:21.5,723,211,745,288,390,24.7,38.5,761,0
05:22.0,704,267,724,278,376,24.7,38.5,671,0
05:22.6,705,242,728,293,388,24.6,38.5,702,0
05:23.1,704,270,716,308,395,24.7,38.5,690,0
05:23.6,687,260,702,284,356,24.7,38.5,715,0
05:24.1,685,248,686,270,371,24.7,38.5,711,0
05:24.7,678,273,690,296,382,24.7,38.5,709,0
05:25.2,669,251,681,266,367,24.7,38.5,635,0
05:25.7,581,243,678,275,331,24.6,38.5,669,0
05:26.3,663,263,676,288,330,24.7,38.5,669,0
05:26.8,650,219,652,243,376,24.7,38.5,733,0
05:27.3,642,252,648,277,368,24.7,38.5,744,0
05:27.8,646,254,662,270,385,24.7,38.5,697,0
05:28.4,637,248,633,271,362,24.7,38.5,687,0
05:28.9,624,252,634,273,360,24.7,38.5,687,0
05:29.4,619,252,627,270,362,24.7,38.6,691,0
05:30.0,634,264,646,266,384,24.8,38.4,745,0
05:30.5,622,263,638,286,378,24.6,38.5,801,0
05:31.0,590,242,606,257,354,24.7,38.5,640,0
05:31.6,624,248,632,282,367,24.7,38.5,773,0
05:32.1,606,232,626,250,358,24.7,38.5,737,0
05:32.6,610,244,620,264,294,24.7,38.5,735,0
05:33.1,599,241,622,256,363,24.8,38.4,668,0
05:33.7,595,158,610,245,358,24.7,38.5,569,0
05:34.2,594,253,616,277,368,24.7,38.5,660,0
05:34.7,590,237,612,258,323,24.7,38.5,735,0
05:35.3,582,237,593,262,355,24.7,38.5,609,0
05:35.8,570,232,585,256,353,24.7,38.5,606,0
05:36.3,578,136,604,238,360,24.8,38.4,738,0
05:36.8,579,246,616,256,374,24.7,38.5,799,0
05:37.4,534,235,584,256,348,24.7,38.5,605,0
05:37.9,534,256,593,269,358,24.7,38.5,687,0
05:38.4,565,258,592,271,371,24.7,38.5,700,0
05:39.0,552,236,574,252,348,24.7,38.5,703,0
05:39.5,557,240,580,202,342,24.7,38.5,621,0
05:40.0,541,238,576,253,347,24.8,38.4,691,0
05:40.5,553,233,589,247,259,24.7,38.5,591,0
05:41.1,556,243,588,274,366,24.7,38.5,578,0
05:41.6,554,233,588,242,352,24.7,38.5,625,0
05:42.1,516,234,567,246,348,24.6,38.5,692,0
05:42.7,555,239,584,260,342,24.7,38.5,702,0
05:43.2,553,235,593,257,290,24.7,38.5,751,0
05:43.7,542,231,560,239,346,24.7,38.5,701,0
05:44.2,537,173,572,225,350,24.7,38.5,689,0
05:44.8,528,234,565,243,343,24.6,38.6,680,0
05:45.3,588,250,581,261,359,24.8,38.4,634,0
05:45.8,530,233,568,251,351,24.7,38.5,691,0
05:46.4,528,232,579,242,350,24.7,38.5,711,0
05:46.9,537,158,590,256,368,24.7,38.5,737,0
05:47.4,536,246,600,257,340,24.7,38.5,727,0
05:47.9,525,183,572,223,349,24.7,38.6,579,0
05:48.5,525,193,570,218,351,24.7,38.6,701,0
05:49.0,530,252,588,259,299,24.7,38.6,687,0
05:49.5,467,232,546,244,346,24.7,38.5,643,0
05:50.1,528,240,586,256,289,24.7,38.5,672,0
05:50.6,515,229,556,249,348,24.7,38.5,658,0
05:51.1,518,228,560,244,344,24.7,38.5,739,0
05:51.6,512,227,565,252,351,24.7,38.5,749,0
05:52.2,520,240,584,246,370,24.7,38.5,747,0
05:52.7,507,181,564,219,346,24.7,38.4,660,0
05:53.2,517,257,576,292,350,24.6,38.5,774,0
05:53.8,509,230,562,236,314,24.7,38.5,702,0
05:54.3,481,230,533,242,346,24.7,38.5,641,0
05:54.8,512,243,556,266,362,24.7,38.5,740,0
05:55.3,503,222,554,244,294,24.7,38.5,633,0
05:55.9,507,227,571,224,365,24.7,38.4,646,0
05:56.4,503,242,552,253,354,24.7,38.5,726,0
05:56.9,507,240,571,233,364,24.7,38.5,749,0
05:57.5,501,189,566,228,362,24.7,38.5,671,0
05:58.0,484,229,549,236,344,24.6,38.5,604,0
05:58.5,500,245,552,256,363,24.7,38.5,761,0
05:59.0,432,228,528,232,341,24.7,38.5,721,0
05:59.6,492,197,552,213,345,24.7,38.5,595,0
06:00.1,499,237,561,253,357,24.6,38.4,666,0
06:00.6,482,222,534,237,341,24.8,38.3,704,0
06:01.2,490,220,518,238,341,24.8,38.3,708,0
06:01.7,490,219,548,231,340,24.7,38.5,679,0
06:02.2,481,232,546,244,354,24.7,38.5,640,0
06:02.7,485,240,544,249,359,24.7,38.5,773,0
06:03.3,478,239,553,247,360,24.7,38.4,723,0
06:03.8,483,233,547,233,339,24.8,38.3,600,0
06:04.3,484,223,525,231,298,24.7,38.4,568,0
06:04.9,491,240,558,233,363,24.7,38.4,663,0
06:05.4,487,233,556,229,359,24.7,38.4,661,0
06:05.9,482,240,536,250,355,24.7,38.4,722,0
06:06.4,486,233,560,247,318,24.7,38.5,739,0
06:07.0,473,229,528,234,345,24.7,38.4,739,0
06:07.5,484,167,546,217,349,24.7,38.5,701,0
06:08.0,474,222,526,234,336,24.7,38.4,646,0
06:08.6,481,245,552,249,366,24.7,38.5,782,0
06:09.1,439,221,525,229,343,24.7,38.4,655,0
06:09.6,481,228,562,243,362,24.7,38.5,620,0
06:10.1,467,225,530,235,314,24.7,38.5,685,0
06:10.7,468,211,549,221,348,24.7,38.4,849,0
06:11.2,474,225,530,236,341,24.7,38.4,669,0
06:11.7,467,226,543,225,363,24.7,38.5,685,0
06:12.3,470,213,546,222,345,24.7,38.4,719,0
06:12.8,454,230,536,232,339,24.7,38.4,692,0
06:13.3,459,247,540,243,345,24.7,38.4,849,0
06:13.8,458,164,537,238,339,24.7,38.4,599,0
06:14.4,463,218,549,218,345,24.6,38.4,718,0
06:14.9,462,212,585,290,341,24.7,38.4,687,0
06:15.4,471,282,3260,437,370,24.7,38.4,661,0
06:16.0,506,308,3950,509,448,24.7,38.5,736,0
06:16.5,601,311,3836,545,448,24.7,38.5,656,0
06:17.0,1481,326,3760,551,463,24.8,38.4,709,1
06:17.5,3164,449,3658,570,715,24.7,38.5,734,1
06:18.1,2930,539,3498,536,743,24.7,38.5,654,1
06:18.6,2578,592,3336,532,699,24.7,38.5,631,1
06:19.1,2329,539,3198,501,638,24.7,38.5,669,1
06:19.7,2100,603,3020,505,611,24.7,38.6,583,1
06:20.2,1968,533,2952,479,626,24.7,38.6,621,1
06:20.7,2090,637,2936,510,659,24.7,38.6,719,1
06:21.2,1931,617,2730,506,600,24.7,38.6,658,1
06:21.8,1758,581,2554,476,576,24.7,38.6,653,1
06:22.3,1570,570,2380,470,512,24.7,38.6,716,1
06:22.8,1428,551,2232,452,515,24.7,38.6,570,1
06:23.4,1423,526,2088,420,499,24.7,38.6,597,1
06:23.9,1353,509,1960,428,436,24.6,38.6,692,1
06:24.4,1283,501,1828,425,387,24.7,38.6,657,1
06:24.9,1228,440,1714,404,471,24.7,38.6,657,1
06:25.5,1167,451,1582,393,448,24.7,38.6,685,1
06:26.0,1086,452,1473,409,450,24.7,38.5,631,1
06:26.5,1079,425,1386,376,393,24.7,38.5,651,1
06:27.1,1037,417,1280,372,422,24.7,38.5,587,1
06:27.6,1017,377,1224,355,436,24.7,38.5,633,1
06:28.1,972,397,1128,356,408,24.7,38.6,619,0
06:28.7,951,377,1074,339,415,24.7,38.5,637,0
06:29.2,934,354,1038,342,421,24.7,38.6,693,0
06:29.7,913,373,1016,356,534,24.7,38.5,690,0
06:30.2,852,364,944,354,404,24.7,38.5,735,0
06:30.8,857,334,898,347,396,24.7,38.5,615,0
06:31.3,834,356,860,345,408,24.7,38.5,751,0
06:31.8,825,326,840,321,361,24.7,38.5,761,0
06:32.4,833,326,820,330,391,24.7,38.5,655,0
06:32.9,769,319,774,314,379,24.7,38.5,615,0
06:33.4,781,333,776,332,392,24.7,38.5,684,0
06:33.9,764,277,762,288,378,24.7,38.5,683,0
06:34.5,756,288,761,279,386,24.7,38.4,573,0
06:35.0,748,312,764,314,401,24.7,38.4,714,0
06:35.5,732,295,747,299,351,24.7,38.5,683,0
06:36.1,718,301,718,298,373,24.7,38.5,620,0
06:36.6,705,292,697,308,374,24.7,38.4,635,0
06:37.1,705,279,707,294,207,24.7,38.4,683,0
06:37.6,689,241,694,269,376,24.7,38.4,736,0
06:38.2,694,289,703,292,390,24.7,38.4,621,0
06:38.7,673,282,680,295,382,24.7,38.4,615,0
06:39.2,680,292,704,302,342,24.6,38.4,703,0
06:39.8,670,285,686,360,383,24.8,38.3,668,0
06:40.3,665,294,676,247,386,24.7,38.4,717,0
06:40.8,648,265,663,273,372,24.7,38.4,707,0
06:41.3,637,266,670,276,344,24.7,38.4,685,0
06:41.9,637,245,654,252,369,24.7,38.4,695,0
06:42.4,576,272,626,274,367,24.6,38.5,719,0
06:42.9,591,258,651,278,376,24.7,38.4,613,0
06:43.4,629,278,652,286,324,24.7,38.4,727,0
06:44.0,616,213,648,284,386,24.7,38.4,733,0
06:44.5,607,249,635,261,370,24.7,38.4,591,0
06:45.0,602,252,626,260,365,24.7,38.4,588,0
06:45.6,604,257,624,263,320,24.6,38.4,750,0
06:46.1,553,274,618,283,388,24.7,38.5,659,0
06:46.6,591,190,616,257,362,24.7,38.4,677,0
06:47.1,586,253,623,262,309,24.6,38.5,655,0
06:47.7,591,252,631,252,380,24.7,38.4,609,0
06:48.2,578,247,620,261,301,24.6,38.4,652,0
06:48.7,575,265,607,277,374,24.8,38.3,682,0
06:49.3,582,258,629,251,379,24.7,38.4,733,0
06:49.8,572,186,605,234,360,24.7,38.5,618,0
06:50.3,513,242,590,256,361,24.6,38.4,645,0
06:50.8,564,154,618,256,370,24.8,38.3,557,0
06:51.4,567,250,613,246,379,24.6,38.4,732,0
06:51.9,564,201,615,264,376,24.6,38.4,658,0
06:52.4,552,187,594,256,359,24.7,38.4,703,0
06:53.0,551,232,602,257,361,24.7,38.5,729,0
06:53.5,543,238,597,236,354,24.7,38.5,739,0
06:54.0,486,242,576,252,352,24.6,38.4,638,0
06:54.5,551,187,609,247,378,24.7,38.5,697,0
06:55.1,541,172,591,232,354,24.6,38.5,589,0
06:55.6,532,254,587,232,358,24.7,38.4,640,0
06:56.1,540,247,584,262,334,24.7,38.5,701,0
06:56.7,535,257,584,268,366,24.7,38.4,657,0
06:57.2,526,237,584,244,281,24.7,38.4,558,0
06:57.7,528,232,584,233,318,24.7,38.4,577,0
06:58.2,524,228,638,248,289,24.7,38.4,589,0
06:58.8,520,230,580,239,352,24.7,38.4,599,0
06:59.3,519,230,574,239,353,24.7,38.4,588,0
06:59.8,517,225,578,238,244,24.7,38.4,607,0
07:00.3,527,241,594,261,373,24.8,38.3,666,0
07:00.9,512,225,580,236,356,24.7,38.4,652,0
07:01.4,524,241,592,275,368,24.7,38.5,671,0
07:01.9,504,237,574,257,348,24.7,38.4,629,0
07:02.5,522,245,596,257,377,24.6,38.4,588,0
07:03.0,503,174,576,230,337,24.8,38.3,593,0
07:03.5,517,243,586,240,335,24.6,38.4,647,0
07:04.0,493,248,570,250,364,24.7,38.5,586,0
07:04.6,495,241,565,260,362,24.7,38.4,640,0
07:05.1,507,241,588,262,368,24.7,38.4,619,0
07:05.6,496,243,570,256,360,24.8,38.3,671,0
07:06.2,503,237,590,256,360,24.7,38.4,589,0
07:06.7,505,224,553,247,342,24.7,38.4,683,0
07:07.2,499,205,599,218,357,24.7,38.5,603,0
07:07.7,512,241,579,258,367,24.6,38.5,643,0
07:08.3,493,228,568,229,350,24.6,38.4,598,0
07:08.8,427,244,597,253,320,24.7,38.4,638,0
07:09.3,518,237,587,257,334,24.7,38.6,659,0
07:09.9,490,225,568,235,262,24.7,38.4,675,0
07:10.4,480,226,556,239,348,24.7,38.4,633,0
07:10.9,481,232,556,243,346,24.7,38.4,613,0
07:11.4,480,228,549,240,358,24.7,38.4,621,0
07:12.0,484,219,569,232,351,24.7,38.4,612,0
07:12.5,476,221,572,232,306,24.7,38.4,559,0
07:13.0,466,240,552,257,360,24.7,38.4,715,0
07:13.6,477,201,560,213,353,24.7,38.4,659,0
07:14.1,477,224,566,242,348,24.7,38.4,602,0
07:14.6,475,245,557,210,347,24.7,38.4,612,0
07:15.1,477,172,566,223,355,24.6,38.4,573,0
07:15.7,475,220,558,232,348,24.8,38.3,576,0
07:16.2,439,218,574,238,312,24.7,38.4,594,0
07:16.7,471,240,572,260,351,24.7,38.4,754,0
07:17.2,471,217,570,243,362,24.6,38.4,716,0
07:17.8,432,227,540,238,344,24.8,38.2,624,0
07:18.3,474,237,564,254,365,24.8,38.3,629,0
07:18.8,503,237,583,247,302,24.7,38.3,645,0
07:19.4,456,232,549,241,345,24.8,38.2,596,0
07:19.9,452,223,527,233,342,24.8,38.3,675,0
07:20.4,469,222,541,232,339,24.7,38.3,667,0
07:20.9,470,148,564,241,359,24.8,38.2,588,0
07:21.5,464,214,556,226,348,24.7,38.3,745,0
07:22.0,382,220,540,234,331,24.7,38.3,567,0
07:22.5,459,220,564,231,361,24.7,38.4,619,0
07:23.1,409,222,536,228,323,24.6,38.3,599,0
07:23.6,395,224,538,232,336,24.7,38.3,612,0
07:24.1,464,237,561,249,356,24.7,38.3,723,0
07:24.6,373,218,534,222,336,24.8,38.2,609,0
07:25.2,404,216,536,230,339,24.7,38.3,555,0
07:25.7,469,234,576,236,280,24.7,38.3,654,0
07:26.2,458,156,559,217,347,24.8,38.3,538,0
07:26.8,462,227,577,242,364,24.6,38.3,593,0
07:27.3,418,219,546,233,337,24.7,38.4,547,0
07:27.8,467,230,576,245,427,24.7,38.4,652,0
07:28.3,462,230,568,248,350,24.7,38.3,757,0
07:28.9,454,218,566,244,307,24.7,38.4,549,0
07:29.4,453,214,557,225,341,24.7,38.4,611,0
07:29.9,449,183,552,216,343,24.7,38.4,615,0
07:30.5,457,210,567,236,367,24.8,38.3,693,0
07:31.0,462,234,549,250,356,24.7,38.4,635,0
07:31.5,458,227,3356,337,362,24.7,38.4,675,0
07:32.0,451,220,3452,434,306,24.7,38.4,615,0
07:32.6,559,256,3380,480,410,24.7,38.5,692,0
07:33.1,907,244,3308,464,455,24.7,38.4,689,0
07:33.6,1613,287,3176,472,509,24.7,38.4,641,1
07:34.2,1595,330,3082,484,434,24.7,38.5,655,1
07:34.7,1525,331,2920,464,490,24.7,38.5,523,1
07:35.2,3741,331,2680,303,560,24.7,38.5,306,1
07:35.7,4095,507,2770,639,789,24.6,38.5,1031,1
07:36.3,3849,517,2610,584,767,24.7,38.6,989,1
07:36.8,3473,504,2450,590,714,24.6,38.7,1000,1
07:37.3,3136,497,2330,572,665,24.7,38.6,991,1
07:37.9,2833,492,2196,587,630,24.7,38.6,935,1
07:38.4,2572,474,2048,550,606,24.9,38.5,1078,1
07:38.9,2359,472,1936,549,592,24.7,38.7,963,1
07:39.4,2167,477,1832,609,576,24.7,38.7,905,1
07:40.0,1999,459,1714,522,550,24.7,38.7,947,1
07:40.5,1863,461,1592,526,543,24.6,38.6,843,1
07:41.0,1733,443,1518,505,528,24.9,38.5,986,1
07:41.6,1621,407,1416,479,515,24.8,38.5,825,1
07:42.1,1525,430,1328,465,504,24.6,38.6,943,1
07:42.6,1447,419,1314,471,491,24.7,38.6,907,1
07:43.1,1381,413,1210,444,503,24.7,38.6,935,1
07:43.7,1313,412,1156,448,495,24.7,38.7,1007,1
07:44.2,1270,413,1146,494,436,24.6,38.6,869,1
07:44.7,1203,379,1062,476,488,24.7,38.7,865,1
07:45.3,1164,389,1050,462,414,25.2,38.5,853,1
07:45.8,1127,400,1020,456,491,24.7,38.6,1007,1
07:46.3,1080,386,985,413,477,24.7,38.6,881,1
07:46.8,1052,389,960,437,476,24.7,38.9,977,1
07:47.4,1020,381,936,445,472,25.2,38.6,864,1
07:47.9,999,375,930,443,471,24.8,38.5,953,0
07:48.4,977,382,928,456,459,24.7,38.6,897,0
07:49.0,958,385,994,457,457,24.7,38.7,886,0
07:49.5,933,366,948,501,465,24.7,38.7,983,0
07:50.0,915,377,874,458,470,24.6,38.6,923,0
07:50.5,897,368,870,446,455,24.7,38.9,946,0
07:51.1,874,367,936,442,460,24.8,38.5,933,0
07:51.6,860,362,862,435,461,24.7,38.6,921,0
07:52.1,845,356,832,410,458,24.7,38.6,1019,0
07:52.7,842,357,895,408,443,24.7,38.7,823,0
07:53.2,817,368,815,421,455,24.7,38.6,961,0
07:53.7,815,357,808,409,459,24.7,38.6,845,0
07:54.3,797,353,820,416,458,24.7,38.9,909,0
07:54.8,786,355,814,404,452,24.7,38.6,853,0
07:55.3,785,374,824,416,450,24.7,38.6,925,0
07:55.8,766,353,808,469,451,24.7,38.6,819,0
07:56.4,734,355,803,408,443,24.6,38.6,940,0
07:56.9,749,356,786,478,452,24.7,38.6,877,0
07:57.4,751,352,813,394,462,24.6,38.6,925,0
07:58.0,737,351,806,432,440,24.6,38.6,961,0
07:58.5,714,348,761,410,456,24.7,38.6,967,0
07:59.0,722,351,787,408,447,24.7,38.6,897,0
07:59.5,719,345,765,383,444,24.7,38.9,951,0
08:00.1,705,348,818,394,442,24.7,38.7,846,0
08:00.6,706,335,772,384,445,24.7,38.6,895,0
08:01.1,744,360,790,398,458,24.7,38.6,907,0
08:01.7,692,337,768,388,445,24.7,38.6,1013,0
08:02.2,685,336,768,378,428,24.7,38.2,831,0
08:02.7,684,338,828,394,427,24.6,38.6,901,0
08:03.2,677,339,766,397,440,24.7,38.8,979,0
08:03.8,673,343,744,389,442,24.7,38.2,879,0
08:04.3,670,312,746,386,436,24.7,38.6,842,0
08:04.8,639,341,734,390,449,24.6,38.7,907,0
08:05.4,666,341,738,396,452,24.8,38.4,844,0
08:05.9,663,344,756,392,449,24.8,38.5,919,0
08:06.4,625,338,728,378,436,24.7,38.5,898,0
08:06.9,652,337,736,371,439,24.8,38.4,916,0
08:07.5,646,329,733,400,438,24.7,38.6,828,0
08:08.0,643,297,742,448,436,24.6,38.5,889,0
08:08.5,644,339,760,426,435,24.6,38.6,1021,0
08:09.1,644,345,808,393,428,24.9,38.5,943,0
08:09.6,648,324,741,383,415,24.8,38.4,986,0
08:10.1,637,338,736,387,439,24.6,38.2,902,0
08:10.6,633,345,728,382,448,24.7,38.5,957,0
08:11.2,623,276,720,421,430,24.7,38.5,887,0
08:11.7,628,341,722,386,444,24.7,38.6,927,0
08:12.2,623,336,712,371,433,25.2,38.4,878,0
08:12.8,626,345,710,377,440,25.2,38.3,856,0
08:13.3,617,330,714,372,434,24.7,38.5,911,0
08:13.8,616,330,728,378,393,24.7,38.5,913,0
08:14.3,612,329,728,380,394,24.7,38.6,854,0
08:14.9,581,341,739,391,440,24.7,38.6,955,0
08:15.4,609,325,724,385,393,24.7,38.6,950,0
08:15.9,610,330,724,388,430,24.7,38.5,948,0
08:16.5,603,334,716,454,436,24.7,38.5,849,0
08:17.0,576,329,710,374,425,24.7,38.5,963,0
08:17.5,604,323,754,498,428,24.7,38.5,965,0
08:18.0,601,324,714,372,431,24.7,38.5,884,0
08:18.6,596,328,715,375,381,24.7,38.7,868,0
08:19.1,593,328,718,382,428,24.7,38.5,904,0
08:19.6,580,329,710,390,426,24.7,38.5,916,0
08:20.2,583,321,720,380,431,24.8,38.5,879,0
08:20.7,587,320,721,368,434,24.7,38.5,853,0
08:21.2,592,328,754,386,440,24.6,38.5,887,0
08:21.7,593,262,725,425,439,24.7,38.5,929,0
08:22.3,582,326,725,393,398,24.6,38.5,825,0
08:22.8,588,334,732,388,422,24.7,38.4,873,0
08:23.3,581,336,696,380,435,24.7,38.4,839,0
08:23.9,580,339,694,364,392,24.7,38.5,987,0
08:24.4,583,331,708,369,442,24.7,38.4,932,0
08:24.9,577,336,696,380,446,24.7,38.4,935,0
08:25.4,574,326,690,362,426,24.6,38.5,991,0
08:26.0,577,333,700,389,436,24.6,38.4,970,0
08:26.5,561,322,702,340,423,24.7,38.4,949,0
08:27.0,572,330,709,364,436,24.7,38.5,881,0
08:27.6,568,320,704,347,425,24.7,38.4,927,0
08:28.1,570,323,698,351,427,24.7,38.4,833,0
08:28.6,572,332,708,373,516,24.7,38.6,855,0
08:29.1,564,318,697,352,424,24.7,38.2,901,0
08:29.7,562,326,673,360,422,24.7,38.4,898,0
08:30.2,564,323,697,350,436,24.9,38.3,895,0
08:30.7,566,312,703,353,432,24.7,38.6,911,0
08:31.3,560,324,682,361,431,24.7,38.4,869,0
08:31.8,556,316,708,355,429,24.7,38.5,855,0
08:32.3,559,320,710,375,385,24.6,38.6,802,0
08:32.8,563,312,717,363,437,24.7,38.2,899,0
08:33.4,554,322,688,377,424,24.7,38.4,906,0
08:33.9,555,286,688,332,425,24.8,38.1,885,0
08:34.4,551,321,703,347,422,24.7,38.6,847,0
08:35.0,560,325,692,357,440,24.7,38.4,855,0
08:35.5,549,321,674,356,420,24.7,38.5,785,0
08:36.0,558,325,698,363,417,24.7,38.5,963,0
08:36.5,551,321,666,357,424,24.7,38.4,879,0
08:37.1,565,328,698,355,433,24.8,38.3,872,0
08:37.6,544,325,690,414,424,24.7,38.4,863,0
08:38.1,549,245,690,352,420,24.6,38.5,856,0
08:38.7,556,321,683,355,423,24.6,38.4,892,0
08:39.2,544,260,687,362,423,24.9,38.4,803,0
08:39.7,550,329,696,359,366,24.6,38.6,766,0
08:40.2,548,330,692,364,434,24.7,38.5,831,0
08:40.8,547,313,644,352,418,24.7,38.6,823,0
08:41.3,545,326,686,348,418,24.7,38.5,933,0
08:41.8,538,324,688,361,384,24.7,38.6,843,0
08:42.4,548,334,699,374,432,24.7,38.2,911,0
08:42.9,547,328,715,355,432,24.7,38.4,985,0
08:43.4,543,345,678,371,424,24.7,38.5,835,0
08:43.9,536,289,686,427,422,24.6,38.6,853,0
08:44.5,537,320,670,357,421,24.7,38.6,879,0
08:45.0,544,334,698,353,430,24.8,38.3,955,0
08:45.5,541,321,690,398,422,24.7,38.4,801,0
08:46.0,536,325,671,334,425,24.6,38.5,847,0
08:46.6,516,323,690,342,426,24.7,38.4,859,0
08:47.1,541,316,687,336,436,24.8,38.4,890,0
08:47.6,537,328,747,348,411,24.6,38.5,831,0
08:48.2,534,391,676,378,424,24.7,38.5,801,0
08:48.7,608,333,730,351,429,24.6,38.4,853,0
08:49.2,530,326,675,348,423,24.7,38.5,977,0
08:49.7,533,318,680,340,401,24.5,38.5,862,0
08:50.3,527,342,674,351,431,24.7,38.5,819,0
08:50.8,534,332,688,326,446,24.6,38.6,833,0
08:51.3,530,333,673,352,426,24.6,38.5,887,0
08:51.9,538,308,684,344,428,24.7,38.5,917,0
08:52.4,535,336,677,356,431,24.7,38.5,870,0
08:52.9,535,328,693,338,427,24.7,38.5,857,0
08:53.4,522,336,694,358,434,24.6,38.5,873,0
08:54.0,534,336,688,359,431,24.7,38.6,931,0
08:54.5,494,324,709,354,424,24.7,38.5,900,0
08:55.0,509,333,700,370,435,24.7,38.5,915,0
08:55.6,509,328,694,372,418,24.6,38.5,899,0
08:56.1,526,330,703,368,407,24.6,38.5,877,0
08:56.6,531,240,691,339,436,24.7,38.4,856,0
08:57.1,530,338,696,353,434,24.7,38.5,909,0
08:57.7,526,337,680,357,431,24.7,38.5,827,0
08:58.2,520,288,680,330,423,24.6,38.6,870,0
08:58.7,530,332,677,351,432,24.6,38.5,889,0
08:59.3,524,318,661,340,415,24.7,38.6,945,0
09:00.8,529,331,740,347,428,24.6,38.5,823,0
09:01.4,524,324,670,342,422,24.7,38.5,1018,0
09:01.9,522,315,657,324,414,24.7,38.5,949,0
09:02.4,518,323,722,342,418,24.6,38.5,833,0
09:03.0,519,325,662,335,419,24.7,38.4,877,0
09:03.5,517,321,679,356,427,24.7,38.6,1024,0
