Timestamp,MQ4,MQ3,MQ7,MQ135,MQ136,Temp,Hum,PM,Label,Time
15:43:50.943,323,239,478,252,430,21.2,36.6,471,0,2024-12-01 12:00:00
15:14:56.937,308,245,450,258,427,21.6,35.7,735,0,2024-12-01 12:00:01
15:21:31.184,330,231,452,297,433,21.8,36.0,607,0,2024-12-01 12:00:02
15:46:30.963,322,239,472,258,464,21.7,36.4,496,0,2024-12-01 12:00:03
15:31:48.096,317,226,452,256,427,22.0,36.0,533,0,2024-12-01 12:00:04
14:51:06.849,319,265,490,231,441,22.4,35.3,428,0,2024-12-01 12:00:05
15:28:18.386,335,239,463,241,428,22.3,36.2,549,0,2024-12-01 12:00:06
14:47:21.860,311,227,438,244,443,22.7,35.3,404,0,2024-12-01 12:00:07
15:11:17.528,325,238,486,207,433,22.7,35.7,569,0,2024-12-01 12:00:08
15:15:33.942,327,244,450,244,427,22.9,35.4,671,0,2024-12-01 12:00:09
14:58:27.351,324,240,435,279,439,23.0,35.6,635,0,2024-12-01 12:00:10
15:18:24.162,317,224,462,277,435,23.2,35.9,735,0,2024-12-01 12:00:11
15:00:16.716,320,247,445,232,428,23.2,35.5,646,0,2024-12-01 12:00:12
15:35:19.923,321,242,474,244,430,23.4,36.6,665,0,2024-12-01 12:00:13
15:37:15.323,320,241,474,242,431,23.5,36.4,506,0,2024-12-01 12:00:14
15:42:54.957,324,205,479,233,436,23.5,36.5,474,0,2024-12-01 12:00:15
15:43:16.615,327,246,488,243,442,23.7,36.4,544,0,2024-12-01 12:00:16
15:53:01.805,335,239,484,244,432,23.9,36.4,589,0,2024-12-01 12:00:17
15:46:57.367,329,250,478,292,435,24.1,36.3,589,0,2024-12-01 12:00:18
15:28:43.744,324,246,467,254,370,24.4,36.2,514,0,2024-12-01 12:00:19
15:49:14.724,318,238,483,250,436,24.3,36.4,548,0,2024-12-01 12:00:20
15:39:05.167,334,239,477,244,422,24.6,36.5,580,0,2024-12-01 12:00:21
15:25:40.972,312,245,485,254,432,24.7,36.1,658,0,2024-12-01 12:00:22
14:51:14.243,330,255,467,218,436,25.1,35.4,522,0,2024-12-01 12:00:23
15:45:45.003,316,247,483,259,429,24.9,36.3,460,0,2024-12-01 12:00:24
15:17:19.676,325,292,460,245,432,25.2,35.7,645,0,2024-12-01 12:00:25
15:42:42.282,324,248,493,249,428,25.2,36.3,411,0,2024-12-01 12:00:26
14:48:16.254,326,266,483,254,448,25.7,35.3,274,0,2024-12-01 12:00:27
15:10:18.331,322,257,478,251,444,25.8,35.5,741,0,2024-12-01 12:00:28
15:00:33.100,299,256,448,237,440,25.9,35.5,627,0,2024-12-01 12:00:29
15:19:15.429,327,240,465,241,435,26.0,35.9,797,0,2024-12-01 12:00:30
15:07:59.793,306,255,440,232,436,26.1,35.6,712,0,2024-12-01 12:00:31
15:51:53.676,356,264,475,280,438,26.0,36.6,525,0,2024-12-01 12:00:32
15:04:25.174,331,269,461,274,450,26.6,35.6,673,0,2024-12-01 12:00:33
15:48:57.296,336,250,485,260,437,26.4,36.4,556,0,2024-12-01 12:00:34
15:32:01.827,326,239,479,261,424,26.9,35.9,529,0,2024-12-01 12:00:35
15:02:37.297,320,243,452,245,455,26.9,35.6,643,0,2024-12-01 12:00:36
15:41:25.676,320,251,460,265,447,26.9,36.3,502,0,2024-12-01 12:00:37
15:29:50.846,326,242,481,249,444,27.2,36.1,635,0,2024-12-01 12:00:38
15:49:21.590,314,243,482,274,440,27.2,36.6,523,0,2024-12-01 12:00:39
15:38:05.494,338,252,509,244,431,27.2,36.6,524,0,2024-12-01 12:00:40
15:49:20.005,339,249,480,283,438,27.5,36.7,440,0,2024-12-01 12:00:41
14:51:40.124,334,248,497,252,429,27.9,35.5,418,0,2024-12-01 12:00:42
15:47:45.450,337,266,478,265,440,27.8,36.7,531,0,2024-12-01 12:00:43
15:31:56.546,323,257,472,264,455,28.0,36.1,569,0,2024-12-01 12:00:44
15:46:29.906,327,237,540,272,450,28.0,36.5,482,0,2024-12-01 12:00:45
15:24:48.156,320,242,475,245,448,28.3,36.1,737,0,2024-12-01 12:00:46
15:12:07.224,327,252,476,254,443,28.6,35.9,787,0,2024-12-01 12:00:47
15:34:20.257,321,252,467,258,457,28.5,36.4,635,0,2024-12-01 12:00:48
14:51:46.990,341,271,473,257,450,29.0,35.5,393,0,2024-12-01 12:00:49
15:00:07.208,329,266,466,254,443,29.0,35.5,673,0,2024-12-01 12:00:50
15:39:02.528,347,256,487,267,457,29.0,36.5,534,0,2024-12-01 12:00:51
14:54:05.906,340,269,456,243,453,29.4,35.3,611,0,2024-12-01 12:00:52
15:56:21.980,343,259,483,255,442,29.2,36.6,712,0,2024-12-01 12:00:53
14:48:43.719,337,271,478,236,441,29.7,35.3,372,0,2024-12-01 12:00:54
15:46:37.829,333,246,483,269,434,29.7,36.3,601,0,2024-12-01 12:00:55
15:10:17.274,334,257,471,253,445,29.9,35.5,645,0,2024-12-01 12:00:56
15:19:47.672,336,252,524,263,453,30.1,35.9,632,0,2024-12-01 12:00:57
15:14:17.811,325,249,465,264,459,30.2,35.7,802,0,2024-12-01 12:00:58
15:24:05.377,328,248,491,249,455,30.3,36.1,567,0,2024-12-01 12:00:59
15:35:58.997,330,243,491,263,445,30.4,36.4,626,0,2024-12-01 12:01:00
15:14:25.214,335,253,497,257,448,30.6,35.9,627,0,2024-12-01 12:01:01
15:41:38.881,322,252,470,283,454,30.7,36.4,577,0,2024-12-01 12:01:02
15:20:10.914,337,249,476,251,461,30.9,35.9,865,0,2024-12-01 12:01:03
14:56:52.794,329,265,494,251,450,31.1,35.6,640,0,2024-12-01 12:01:04
15:10:02.471,328,239,461,250,452,31.3,35.9,783,0,2024-12-01 12:01:05
14:59:33.398,341,234,466,219,457,31.4,35.4,657,0,2024-12-01 12:01:06
15:18:46.891,341,241,474,243,449,31.6,35.9,871,0,2024-12-01 12:01:07
15:06:34.671,329,251,533,261,443,31.8,35.7,609,0,2024-12-01 12:01:08
15:01:42.857,331,260,469,247,455,32.0,35.5,605,0,2024-12-01 12:01:09
15:31:22.745,335,247,528,273,472,32.0,36.0,537,0,2024-12-01 12:01:10
14:53:57.983,335,279,472,293,463,32.3,35.4,513,0,2024-12-01 12:01:11
15:20:06.161,334,250,470,262,453,32.3,36.0,655,0,2024-12-01 12:01:12
15:35:32.069,343,243,508,253,458,32.4,36.4,621,0,2024-12-01 12:01:13
14:54:56.617,316,273,470,258,450,32.8,35.3,457,0,2024-12-01 12:01:14
15:37:07.405,336,261,494,266,449,32.6,36.6,512,0,2024-12-01 12:01:15
15:49:49.575,340,247,510,310,453,32.8,36.4,456,0,2024-12-01 12:01:16
14:53:47.951,334,273,477,245,434,33.2,35.3,500,0,2024-12-01 12:01:17
15:31:31.194,346,249,505,250,459,33.2,35.9,599,0,2024-12-01 12:01:18
15:32:30.356,332,239,493,262,464,33.3,36.2,460,0,2024-12-01 12:01:19
15:33:09.479,329,253,481,263,447,33.5,36.3,536,0,2024-12-01 12:01:20
15:20:51.577,339,254,489,260,452,33.6,36.0,687,0,2024-12-01 12:01:21
15:30:20.957,347,258,492,273,456,33.8,36.0,564,0,2024-12-01 12:01:22
15:11:52.417,344,257,519,261,462,34.0,35.7,708,0,2024-12-01 12:01:23
15:30:13.035,336,234,499,249,458,34.1,36.0,594,0,2024-12-01 12:01:24
14:55:10.346,350,271,485,229,474,34.4,35.4,618,0,2024-12-01 12:01:25
14:59:53.474,340,261,512,245,455,34.5,35.5,633,0,2024-12-01 12:01:26
15:46:37.829,340,261,494,280,448,34.5,36.3,601,0,2024-12-01 12:01:27
15:17:15.448,306,270,495,236,456,34.8,35.7,797,0,2024-12-01 12:01:28
15:18:43.191,353,254,482,261,468,34.9,35.8,721,0,2024-12-01 12:01:29
15:06:11.942,336,259,488,257,467,35.1,35.9,703,0,2024-12-01 12:01:30
15:26:59.670,337,233,499,253,460,35.1,36.1,544,0,2024-12-01 12:01:31
15:39:28.405,345,254,502,254,461,35.3,36.3,528,0,2024-12-01 12:01:32
15:00:36.797,322,267,488,252,467,35.5,35.5,655,0,2024-12-01 12:01:33
14:51:38.012,351,299,539,247,478,35.8,35.4,558,0,2024-12-01 12:01:34
15:09:13.297,335,263,498,301,423,35.8,35.7,745,0,2024-12-01 12:01:35
15:17:45.049,331,226,496,239,465,36.0,36.1,729,0,2024-12-01 12:01:36
15:21:58.115,352,262,556,264,464,36.0,35.9,679,0,2024-12-01 12:01:37
15:37:01.594,346,264,504,271,458,36.1,36.7,521,0,2024-12-01 12:01:38
15:24:25.973,346,249,502,266,453,36.3,36.0,544,0,2024-12-01 12:01:39
15:31:27.498,342,246,499,231,460,36.5,36.0,586,0,2024-12-01 12:01:40
15:34:09.163,345,240,510,270,446,36.6,36.4,624,0,2024-12-01 12:01:41
15:11:04.311,347,273,512,257,456,37.0,35.3,761,0,2024-12-01 12:01:42
15:18:51.119,348,247,504,262,463,36.9,36.1,788,0,2024-12-01 12:01:43
15:10:25.201,349,247,496,239,459,37.1,35.5,790,0,2024-12-01 12:01:44
15:49:26.341,364,277,495,281,484,37.2,36.5,568,0,2024-12-01 12:01:45
14:57:40.339,351,281,486,235,472,37.5,35.5,655,0,2024-12-01 12:01:46
15:43:02.877,348,262,525,277,472,37.4,36.5,579,0,2024-12-01 12:01:47
14:51:12.660,320,293,477,247,465,37.9,35.3,379,0,2024-12-01 12:01:48
15:22:21.351,342,264,501,260,457,37.8,35.8,714,0,2024-12-01 12:01:49
15:24:39.704,352,252,507,257,464,38.0,36.1,690,0,2024-12-01 12:01:50
15:28:09.934,336,259,549,271,459,38.1,36.1,512,0,2024-12-01 12:01:51
15:47:13.748,357,267,515,277,463,38.2,36.4,503,0,2024-12-01 12:01:52
15:28:27.891,339,255,504,277,465,38.6,36.1,646,0,2024-12-01 12:01:53
15:48:05.527,319,255,497,277,465,38.5,36.4,470,0,2024-12-01 12:01:54
15:30:39.442,352,254,510,264,448,38.8,36.0,605,0,2024-12-01 12:01:55
15:09:28.100,347,261,503,249,467,39.1,35.6,750,0,2024-12-01 12:01:56
15:18:59.575,357,257,510,259,448,39.2,36.0,818,0,2024-12-01 12:01:57
15:12:10.398,345,253,504,239,465,39.3,35.7,823,0,2024-12-01 12:01:58
15:17:26.547,455,253,487,267,469,39.3,35.7,710,0,2024-12-01 12:01:59
15:07:04.272,349,273,507,257,468,39.6,35.8,666,0,2024-12-01 12:02:00
15:53:32.442,339,257,529,239,463,39.5,36.4,465,0,2024-12-01 12:02:01
15:30:01.943,352,274,503,277,466,39.9,36.1,528,0,2024-12-01 12:02:02
15:55:06.986,357,276,520,278,448,39.7,36.4,523,0,2024-12-01 12:02:03
15:11:19.644,343,263,506,261,454,40.2,35.9,721,0,2024-12-01 12:02:04
15:40:34.430,354,267,531,271,473,40.1,36.4,544,0,2024-12-01 12:02:05
15:10:29.955,353,262,520,250,469,40.4,35.6,802,0,2024-12-01 12:02:06
15:27:22.917,349,260,510,293,475,40.5,36.2,507,0,2024-12-01 12:02:07
15:32:44.631,340,263,553,280,475,40.7,36.2,573,0,2024-12-01 12:02:08
14:55:15.626,359,281,496,257,471,41.0,35.4,614,0,2024-12-01 12:02:09
15:07:41.813,344,258,509,269,475,41.1,35.7,783,0,2024-12-01 12:02:10
15:35:45.270,353,272,529,284,460,41.1,36.5,598,0,2024-12-01 12:02:11
15:54:12.052,353,255,556,283,467,41.2,36.4,517,0,2024-12-01 12:02:12
15:04:22.529,353,272,495,227,482,41.6,35.7,633,0,2024-12-01 12:02:13
15:52:51.241,355,267,520,280,474,41.5,36.6,533,0,2024-12-01 12:02:14
15:23:17.326,360,275,506,253,475,41.8,36.0,706,0,2024-12-01 12:02:15
15:44:47.443,359,265,523,267,454,41.9,36.7,537,0,2024-12-01 12:02:16
15:21:49.139,350,259,534,270,458,42.1,35.9,701,0,2024-12-01 12:02:17
15:30:01.943,351,276,516,273,475,42.3,36.1,528,0,2024-12-01 12:02:18
15:41:29.904,330,286,503,270,467,42.4,36.4,479,0,2024-12-01 12:02:19
15:07:47.631,356,271,496,282,480,42.6,35.7,697,0,2024-12-01 12:02:20
15:41:49.975,352,258,519,283,472,42.7,36.3,520,0,2024-12-01 12:02:21
15:13:07.490,348,273,489,258,476,42.9,35.7,665,0,2024-12-01 12:02:22
14:50:43.083,357,291,492,257,510,43.1,35.4,398,0,2024-12-01 12:02:23
15:02:00.819,349,261,528,255,471,43.3,35.4,629,0,2024-12-01 12:02:24
15:35:10.948,347,263,525,277,459,43.4,36.5,502,0,2024-12-01 12:02:25
15:56:42.050,350,273,528,276,476,43.3,36.9,843,0,2024-12-01 12:02:26
15:46:46.805,356,263,537,284,488,43.6,36.4,568,0,2024-12-01 12:02:27
15:28:08.349,353,260,518,277,478,43.8,36.1,575,0,2024-12-01 12:02:28
15:44:12.592,359,264,532,320,476,43.9,36.4,457,0,2024-12-01 12:02:29
14:48:17.837,357,297,582,269,478,44.3,35.3,295,0,2024-12-01 12:02:30
14:53:34.743,350,285,494,282,479,44.4,35.5,708,0,2024-12-01 12:02:31
15:54:29.488,364,271,521,274,488,44.2,36.3,495,0,2024-12-01 12:02:32
14:59:23.367,356,264,535,251,478,44.6,35.5,660,0,2024-12-01 12:02:33
14:59:50.832,367,287,510,271,474,44.7,35.5,674,0,2024-12-01 12:02:34
15:35:52.662,356,259,516,275,477,44.8,36.4,506,0,2024-12-01 12:02:35
15:36:19.347,359,286,530,292,481,44.9,36.4,590,0,2024-12-01 12:02:36
15:08:33.638,364,270,514,266,455,45.2,35.6,697,0,2024-12-01 12:02:37
15:36:47.863,365,238,527,281,493,45.1,36.4,600,0,2024-12-01 12:02:38
15:20:37.848,355,265,520,286,465,45.4,35.9,807,0,2024-12-01 12:02:39
14:47:15.524,362,277,509,256,477,45.7,35.3,175,0,2024-12-01 12:02:40
15:02:05.045,369,271,502,207,491,45.9,35.4,598,0,2024-12-01 12:02:41
15:42:42.811,362,275,512,282,481,45.7,36.3,430,0,2024-12-01 12:02:42
15:49:42.710,364,267,529,288,457,45.9,36.7,529,0,2024-12-01 12:02:43
15:11:56.648,359,268,507,247,484,46.2,35.9,696,0,2024-12-01 12:02:44
15:22:03.922,373,273,552,263,481,46.3,36.0,748,0,2024-12-01 12:02:45
15:40:29.678,356,259,527,293,472,46.4,36.3,548,0,2024-12-01 12:02:46
14:46:08.448,361,270,504,300,490,46.8,35.3,296,0,2024-12-01 12:02:47
15:27:57.253,360,274,525,270,489,46.7,36.0,593,0,2024-12-01 12:02:48
15:08:52.142,360,283,512,269,476,47.0,35.7,685,0,2024-12-01 12:02:49
15:19:57.711,363,276,583,279,489,47.0,35.9,653,0,2024-12-01 12:02:50
15:32:27.713,367,282,526,276,470,47.2,36.1,539,0,2024-12-01 12:02:51
15:54:38.996,359,272,542,285,477,47.2,36.3,677,0,2024-12-01 12:02:52
15:40:37.599,366,273,554,277,493,47.4,36.4,574,0,2024-12-01 12:02:53
15:45:02.228,364,279,529,273,497,47.5,36.5,455,0,2024-12-01 12:02:54
14:54:18.055,350,290,513,240,490,48.0,35.3,503,0,2024-12-01 12:02:55
15:54:44.806,371,256,542,304,460,47.8,36.4,496,0,2024-12-01 12:02:56
15:07:03.214,374,274,520,269,471,48.2,35.7,717,0,2024-12-01 12:02:57
15:38:32.427,353,275,513,292,499,48.2,36.7,579,0,2024-12-01 12:02:58
14:58:42.153,360,287,504,256,482,48.5,35.5,595,0,2024-12-01 12:02:59
15:54:50.086,368,271,587,278,491,48.4,36.4,524,0,2024-12-01 12:03:00
15:21:15.871,360,290,526,274,483,48.7,35.9,697,0,2024-12-01 12:03:01
15:48:02.358,375,282,535,279,491,48.7,36.4,489,0,2024-12-01 12:03:02
15:23:04.653,362,265,532,275,466,49.0,35.9,643,0,2024-12-01 12:03:03
14:49:36.006,364,299,527,306,498,49.3,35.5,423,0,2024-12-01 12:03:04
15:41:15.634,366,266,528,295,495,49.2,36.3,524,0,2024-12-01 12:03:05
15:41:38.352,370,271,545,282,495,49.4,36.4,468,0,2024-12-01 12:03:06
15:12:47.403,365,248,533,255,496,49.7,35.6,728,0,2024-12-01 12:03:07
15:20:57.386,379,265,550,293,484,49.7,36.0,677,0,2024-12-01 12:03:08
14:58:02.521,379,267,510,238,496,50.0,35.4,725,0,2024-12-01 12:03:09
15:43:56.752,361,274,540,268,498,49.9,36.4,483,0,2024-12-01 12:03:10
15:03:39.695,363,259,512,250,505,50.3,35.7,618,0,2024-12-01 12:03:11
14:55:40.976,371,289,508,269,497,50.5,35.3,593,0,2024-12-01 12:03:12
15:35:29.956,358,262,522,293,499,50.5,36.6,508,0,2024-12-01 12:03:13
15:01:21.188,355,294,515,319,496,50.7,35.6,633,0,2024-12-01 12:03:14
15:10:14.101,359,267,524,266,492,50.9,35.6,793,0,2024-12-01 12:03:15
15:01:22.245,371,266,507,274,477,51.0,35.5,687,0,2024-12-01 12:03:16
15:17:20.205,311,281,511,263,491,51.1,35.7,742,0,2024-12-01 12:03:17
14:51:38.012,392,311,573,270,505,51.4,35.4,558,0,2024-12-01 12:03:18
15:56:30.430,375,276,547,321,502,51.3,36.7,727,0,2024-12-01 12:03:19
14:51:33.785,382,296,525,296,491,51.6,35.8,173,0,2024-12-01 12:03:20
15:07:03.743,380,263,530,246,503,51.5,35.7,666,0,2024-12-01 12:03:21
15:28:40.573,368,287,531,319,498,51.5,36.2,628,0,2024-12-01 12:03:22
15:10:41.585,362,272,516,264,493,51.5,35.7,745,0,2024-12-01 12:03:23
14:46:52.283,357,275,567,281,512,51.6,35.4,375,0,2024-12-01 12:03:24
15:19:34.986,365,267,558,273,467,51.5,35.9,700,0,2024-12-01 12:03:25
15:27:41.935,358,253,522,278,501,51.4,36.0,630,0,2024-12-01 12:03:26
15:06:15.641,371,283,529,284,490,51.5,35.8,649,0,2024-12-01 12:03:27
14:51:38.540,373,261,537,263,501,51.5,35.5,508,0,2024-12-01 12:03:28
15:28:35.816,383,275,525,276,504,51.5,36.3,714,0,2024-12-01 12:03:29
14:54:47.636,359,279,522,248,497,51.6,35.4,554,0,2024-12-01 12:03:30
15:27:08.651,383,274,543,286,483,51.4,36.2,573,0,2024-12-01 12:03:31
15:44:18.400,372,267,551,295,489,51.4,36.4,550,0,2024-12-01 12:03:32
15:45:29.163,376,246,551,287,503,51.4,36.4,446,0,2024-12-01 12:03:33
15:03:09.020,372,268,522,263,505,51.6,35.8,751,0,2024-12-01 12:03:34
14:54:22.281,368,290,529,265,500,51.6,35.5,609,0,2024-12-01 12:03:35
15:53:00.748,356,272,526,307,496,51.3,36.5,403,0,2024-12-01 12:03:36
14:48:24.706,377,297,521,258,506,51.6,35.4,326,0,2024-12-01 12:03:37
15:40:25.453,362,285,542,283,492,51.3,36.4,543,0,2024-12-01 12:03:38
15:21:30.128,371,277,529,288,499,51.4,36.0,603,0,2024-12-01 12:03:39
15:20:58.442,366,279,533,286,490,51.5,36.1,693,0,2024-12-01 12:03:40
15:00:29.399,362,278,499,263,491,51.5,35.6,630,0,2024-12-01 12:03:41
15:22:53.035,364,275,559,288,511,51.6,35.9,610,0,2024-12-01 12:03:42
15:40:03.266,368,275,531,292,497,51.2,36.4,569,0,2024-12-01 12:03:43
15:21:39.632,369,279,555,288,499,51.4,36.0,749,0,2024-12-01 12:03:44
15:41:51.561,317,280,535,289,497,51.4,36.3,534,0,2024-12-01 12:03:45
15:36:46.278,347,278,523,292,497,51.3,36.4,501,0,2024-12-01 12:03:46
15:12:57.975,369,270,536,266,487,51.5,35.6,773,0,2024-12-01 12:03:47
15:31:10.599,370,280,528,270,460,51.4,36.0,606,0,2024-12-01 12:03:48
15:15:03.810,370,272,521,280,495,51.5,35.7,723,0,2024-12-01 12:03:49
15:41:08.763,374,258,539,281,478,51.4,36.5,558,0,2024-12-01 12:03:50
15:50:28.122,373,303,553,279,451,51.3,36.7,626,0,2024-12-01 12:03:51
14:56:07.907,360,298,511,265,495,51.5,35.4,736,0,2024-12-01 12:03:52
15:13:38.684,365,274,524,284,493,51.5,35.6,749,0,2024-12-01 12:03:53
15:37:13.211,372,275,525,296,483,51.3,36.5,584,0,2024-12-01 12:03:54
15:22:59.371,363,279,536,273,499,51.4,35.9,637,0,2024-12-01 12:03:55
15:36:16.178,373,250,546,272,543,51.4,36.7,660,0,2024-12-01 12:03:56
15:38:02.855,367,279,559,291,504,51.3,36.4,614,0,2024-12-01 12:03:57
14:53:01.992,376,293,522,265,495,51.6,35.4,518,0,2024-12-01 12:03:58
14:53:14.142,381,261,530,248,495,51.6,35.4,494,0,2024-12-01 12:03:59
14:47:38.758,378,225,509,264,506,51.6,35.4,339,0,2024-12-01 12:04:00
15:41:28.319,369,281,535,297,490,51.3,36.5,461,0,2024-12-01 12:04:01
15:10:46.872,365,283,529,281,496,51.4,35.7,729,0,2024-12-01 12:04:02
15:15:31.829,369,269,527,268,483,51.4,35.4,644,0,2024-12-01 12:04:03
15:32:48.862,365,263,530,282,492,51.4,36.1,545,0,2024-12-01 12:04:04
14:48:36.853,376,302,521,273,500,51.6,35.4,315,0,2024-12-01 12:04:05
14:56:40.122,351,286,516,259,484,51.6,35.3,629,0,2024-12-01 12:04:06
15:39:06.223,368,284,543,293,511,51.3,36.5,430,0,2024-12-01 12:04:07
14:49:15.937,375,306,530,304,496,51.6,35.3,443,0,2024-12-01 12:04:08
15:13:14.893,361,267,518,332,491,51.4,35.7,679,0,2024-12-01 12:04:09
14:49:40.762,373,293,537,272,496,51.6,35.6,498,0,2024-12-01 12:04:10
15:14:01.953,370,281,524,261,497,51.5,35.6,687,0,2024-12-01 12:04:11
15:40:14.888,358,275,539,281,492,51.2,36.5,691,0,2024-12-01 12:04:12
15:41:26.733,366,243,554,280,494,51.3,36.3,514,0,2024-12-01 12:04:13
15:20:10.387,371,271,515,278,483,51.4,35.9,815,0,2024-12-01 12:04:14
15:29:49.262,366,276,544,292,498,51.4,36.1,579,0,2024-12-01 12:04:15
14:48:40.549,359,285,523,271,501,51.6,35.3,320,0,2024-12-01 12:04:16
14:49:08.543,372,301,557,268,491,51.6,35.4,404,0,2024-12-01 12:04:17
15:18:36.849,363,270,534,253,482,51.5,36.0,753,0,2024-12-01 12:04:18
14:55:56.818,372,280,524,253,494,51.6,35.4,592,0,2024-12-01 12:04:19
15:29:11.748,362,280,532,287,494,51.4,36.2,585,0,2024-12-01 12:04:20
14:53:13.615,376,305,514,282,499,51.6,35.4,443,0,2024-12-01 12:04:21
15:35:02.499,348,264,523,289,494,51.4,36.5,600,0,2024-12-01 12:04:22
15:26:23.224,364,268,523,309,494,51.4,35.8,538,0,2024-12-01 12:04:23
15:42:06.889,366,270,552,271,491,51.2,36.6,534,0,2024-12-01 12:04:24
15:51:26.742,374,291,558,306,492,51.3,36.6,535,0,2024-12-01 12:04:25
15:39:31.045,381,296,516,284,500,51.4,36.6,574,0,2024-12-01 12:04:26
15:02:58.444,360,284,512,265,494,51.5,35.9,669,0,2024-12-01 12:04:27
15:35:52.662,365,270,526,287,487,51.4,36.4,506,0,2024-12-01 12:04:28
15:32:29.827,370,275,544,283,464,51.4,36.2,615,0,2024-12-01 12:04:29
15:15:31.300,350,284,510,272,493,51.4,35.7,799,0,2024-12-01 12:04:30
15:40:28.093,368,254,542,270,469,51.3,36.4,524,0,2024-12-01 12:04:31
15:35:46.853,365,295,541,287,487,51.4,36.4,565,0,2024-12-01 12:04:32
15:00:44.720,372,279,501,269,501,51.5,35.5,627,0,2024-12-01 12:04:33
15:18:20.989,359,272,536,269,473,51.5,35.9,738,0,2024-12-01 12:04:34
15:29:43.980,366,260,548,267,492,51.4,36.1,541,0,2024-12-01 12:04:35
15:48:18.731,368,274,547,296,474,51.3,36.4,512,0,2024-12-01 12:04:36
15:01:22.245,370,280,513,255,488,51.5,35.5,687,0,2024-12-01 12:04:37
15:47:40.695,361,272,551,349,489,51.4,36.4,153,0,2024-12-01 12:04:38
15:07:18.547,312,276,519,271,499,51.5,35.6,769,0,2024-12-01 12:04:39
15:33:03.669,370,290,536,289,504,51.3,36.3,556,0,2024-12-01 12:04:40
15:44:59.586,368,274,540,279,491,51.6,36.3,531,0,2024-12-01 12:04:41
14:51:52.271,367,289,524,268,488,51.6,35.3,515,0,2024-12-01 12:04:42
15:33:44.344,381,273,540,277,481,51.4,36.4,494,0,2024-12-01 12:04:43
15:01:39.685,372,279,522,267,477,51.6,35.4,555,0,2024-12-01 12:04:44
15:42:24.316,358,235,536,265,468,51.4,36.3,496,0,2024-12-01 12:04:45
15:06:10.884,378,273,527,341,494,51.5,35.9,623,0,2024-12-01 12:04:46
15:06:08.240,367,271,531,268,505,51.5,36.1,687,0,2024-12-01 12:04:47
15:12:16.211,361,276,518,287,494,51.4,35.9,700,0,2024-12-01 12:04:48
14:52:56.182,357,326,511,266,506,51.6,35.5,520,0,2024-12-01 12:04:49
14:55:14.570,382,290,521,236,490,51.6,35.4,453,0,2024-12-01 12:04:50
15:21:18.510,353,274,531,292,476,51.4,35.9,673,0,2024-12-01 12:04:51
15:33:43.289,371,263,597,265,490,51.4,36.3,500,0,2024-12-01 12:04:52
15:05:51.858,363,283,558,286,487,51.5,35.4,696,0,2024-12-01 12:04:53
15:49:44.295,367,271,538,289,494,51.3,36.4,550,0,2024-12-01 12:04:54
15:18:05.662,369,272,530,274,498,51.6,35.7,764,0,2024-12-01 12:04:55
14:55:28.301,370,285,522,255,494,51.6,35.4,500,0,2024-12-01 12:04:56
14:49:34.950,351,303,500,271,507,51.6,35.6,391,0,2024-12-01 12:04:57
14:58:23.120,366,275,525,247,492,51.5,35.6,665,0,2024-12-01 12:04:58
15:44:43.218,371,263,534,269,461,51.4,36.5,419,0,2024-12-01 12:04:59
14:47:46.679,371,291,528,267,488,51.6,35.4,423,0,2024-12-01 12:05:00
14:56:41.707,369,282,531,266,500,51.3,35.4,636,0,2024-12-01 12:05:01
14:51:36.954,366,306,520,270,508,51.3,35.5,593,0,2024-12-01 12:05:02
15:39:19.953,373,284,551,329,503,50.8,36.4,530,0,2024-12-01 12:05:03
15:16:09.365,357,267,527,270,487,50.9,35.6,775,0,2024-12-01 12:05:04
15:47:51.793,363,282,542,289,475,50.5,36.3,588,0,2024-12-01 12:05:05
15:11:58.235,378,282,555,282,485,50.6,35.4,742,0,2024-12-01 12:05:06
14:51:24.805,374,297,506,224,492,50.5,35.4,402,0,2024-12-01 12:05:07
15:08:31.521,355,271,527,291,494,50.3,35.6,680,0,2024-12-01 12:05:08
14:58:10.975,366,280,511,255,481,50.1,35.4,656,0,2024-12-01 12:05:09
15:51:45.226,369,284,544,285,487,49.7,36.8,538,0,2024-12-01 12:05:10
15:30:54.229,370,280,539,279,495,49.8,36.0,581,0,2024-12-01 12:05:11
15:31:14.824,370,278,533,331,496,49.6,36.2,551,0,2024-12-01 12:05:12
14:56:40.122,347,278,509,267,486,49.6,35.3,629,0,2024-12-01 12:05:13
15:38:22.393,375,253,551,296,484,49.2,36.7,494,0,2024-12-01 12:05:14
15:30:32.045,358,289,526,291,499,49.2,36.1,462,0,2024-12-01 12:05:15
15:27:18.160,372,262,532,265,495,49.0,36.1,847,0,2024-12-01 12:05:16
15:19:01.690,378,263,533,273,476,48.9,35.9,809,0,2024-12-01 12:05:17
15:10:53.215,368,266,523,265,485,48.8,35.6,715,0,2024-12-01 12:05:18
15:00:01.397,358,268,518,250,487,48.7,35.4,626,0,2024-12-01 12:05:19
14:48:04.636,362,296,526,243,433,48.6,35.3,403,0,2024-12-01 12:05:20
15:33:01.024,365,271,535,271,487,48.2,36.2,569,0,2024-12-01 12:05:21
15:55:22.304,374,259,531,270,485,47.8,36.5,441,0,2024-12-01 12:05:22
14:54:56.088,351,280,494,278,485,48.3,35.2,436,0,2024-12-01 12:05:23
14:52:18.678,360,300,515,259,457,48.0,35.4,525,0,2024-12-01 12:05:24
15:32:38.813,348,275,519,295,491,47.4,36.3,595,0,2024-12-01 12:05:25
15:33:13.178,360,271,506,278,518,47.5,36.4,521,0,2024-12-01 12:05:26
15:15:11.742,354,271,520,257,492,47.3,35.9,795,0,2024-12-01 12:05:27
15:52:15.334,376,226,543,316,488,47.2,36.3,550,0,2024-12-01 12:05:28
14:52:07.585,371,276,509,235,484,47.2,35.4,470,0,2024-12-01 12:05:29
15:11:46.074,351,267,504,271,473,46.9,35.7,789,0,2024-12-01 12:05:30
15:22:21.879,367,275,506,330,508,46.7,36.0,740,0,2024-12-01 12:05:31
15:03:19.596,365,293,514,257,488,46.7,35.7,717,0,2024-12-01 12:05:32
15:25:49.948,361,256,527,296,486,46.4,36.2,590,0,2024-12-01 12:05:33
14:50:59.984,357,292,508,249,495,46.5,35.4,470,0,2024-12-01 12:05:34
15:51:18.292,364,268,534,261,491,46.0,36.7,609,0,2024-12-01 12:05:35
15:09:36.032,360,277,561,289,480,46.1,35.6,757,0,2024-12-01 12:05:36
15:52:19.030,367,277,562,300,490,45.7,36.5,524,0,2024-12-01 12:05:37
14:52:33.468,359,284,508,260,469,45.9,35.3,548,0,2024-12-01 12:05:38
15:42:41.752,384,271,531,284,490,45.4,36.3,532,0,2024-12-01 12:05:39
15:19:37.100,337,264,497,273,483,45.5,35.9,825,0,2024-12-01 12:05:40
15:28:32.644,358,274,524,277,484,45.2,36.2,561,0,2024-12-01 12:05:41
15:29:42.395,360,243,540,275,482,45.1,36.1,649,0,2024-12-01 12:05:42
15:37:38.559,365,282,535,288,461,44.7,36.8,520,0,2024-12-01 12:05:43
15:39:31.045,365,290,508,277,492,44.8,36.6,574,0,2024-12-01 12:05:44
15:43:15.558,358,254,529,269,485,44.5,36.3,460,0,2024-12-01 12:05:45
14:47:01.264,354,258,502,260,456,44.7,35.6,248,0,2024-12-01 12:05:46
15:18:01.961,370,251,505,260,463,44.4,35.9,691,0,2024-12-01 12:05:47
15:44:36.351,324,271,526,277,475,44.2,36.3,460,0,2024-12-01 12:05:48
14:48:18.895,323,286,500,275,486,44.2,35.3,297,0,2024-12-01 12:05:49
15:15:45.043,342,273,488,267,466,44.0,35.7,697,0,2024-12-01 12:05:50
15:46:11.951,369,275,517,284,480,43.7,36.4,502,0,2024-12-01 12:05:51
14:49:07.487,352,293,502,268,479,43.8,35.3,322,0,2024-12-01 12:05:52
14:58:19.952,353,287,485,313,472,43.5,35.4,641,0,2024-12-01 12:05:53
14:46:44.889,365,109,499,248,487,43.5,35.3,343,0,2024-12-01 12:05:54
15:28:41.101,354,287,521,274,470,43.3,36.1,644,0,2024-12-01 12:05:55
15:39:25.236,352,258,572,279,463,42.9,36.4,560,0,2024-12-01 12:05:56
15:52:20.085,365,269,498,301,489,42.7,36.5,544,0,2024-12-01 12:05:57
15:15:36.584,335,254,479,260,474,42.7,35.9,766,0,2024-12-01 12:05:58
15:49:36.373,356,271,526,285,464,42.5,36.7,505,0,2024-12-01 12:05:59
15:53:10.254,342,267,510,277,478,42.3,36.5,549,0,2024-12-01 12:06:00
14:51:12.132,352,285,522,262,490,42.4,35.3,414,0,2024-12-01 12:06:01
15:05:37.590,341,270,512,284,451,42.2,36.1,694,0,2024-12-01 12:06:02
15:54:25.259,362,261,535,277,469,41.7,36.4,478,0,2024-12-01 12:06:03
15:01:25.943,363,273,494,258,465,41.9,35.7,634,0,2024-12-01 12:06:04
14:51:53.327,358,289,498,308,474,41.7,35.4,349,0,2024-12-01 12:06:05
14:52:08.641,355,291,500,256,469,41.7,35.4,576,0,2024-12-01 12:06:06
15:52:36.985,360,257,526,286,478,41.2,36.5,525,0,2024-12-01 12:06:07
15:33:15.291,340,257,509,264,472,41.3,36.2,562,0,2024-12-01 12:06:08
14:59:27.590,353,273,477,239,473,41.1,35.4,716,0,2024-12-01 12:06:09
15:01:53.427,330,271,483,263,479,41.0,35.4,735,0,2024-12-01 12:06:10
15:26:23.751,367,263,517,273,463,40.7,36.0,584,0,2024-12-01 12:06:11
14:53:51.648,353,281,497,261,461,40.7,35.3,526,0,2024-12-01 12:06:12
15:29:32.884,337,257,500,279,476,40.4,36.2,577,0,2024-12-01 12:06:13
15:19:14.372,345,259,507,268,466,40.2,35.9,663,0,2024-12-01 12:06:14
15:51:47.866,355,265,532,282,470,40.0,36.7,536,0,2024-12-01 12:06:15
15:44:38.992,347,233,517,269,457,39.9,36.3,555,0,2024-12-01 12:06:16
15:02:03.460,334,273,489,250,480,39.9,35.7,719,0,2024-12-01 12:06:17
14:59:23.367,348,261,525,241,471,39.7,35.5,660,0,2024-12-01 12:06:18
15:19:56.127,351,249,508,252,475,39.5,35.9,657,0,2024-12-01 12:06:19
15:35:18.340,348,258,515,267,472,39.3,36.4,536,0,2024-12-01 12:06:20
15:48:07.640,317,243,502,283,471,39.1,36.7,521,0,2024-12-01 12:06:21
15:22:38.778,342,267,502,257,465,39.0,36.0,632,0,2024-12-01 12:06:22
14:58:55.358,333,274,489,241,461,39.0,35.5,649,0,2024-12-01 12:06:23
15:44:00.976,344,274,521,329,475,38.7,36.4,466,0,2024-12-01 12:06:24
14:53:15.726,352,285,498,237,470,38.8,35.3,599,0,2024-12-01 12:06:25
15:23:40.559,352,220,500,258,462,38.4,36.0,688,0,2024-12-01 12:06:26
14:56:38.537,347,277,494,239,529,38.5,35.8,643,0,2024-12-01 12:06:27
15:09:01.134,339,266,477,252,465,38.2,35.7,681,0,2024-12-01 12:06:28
15:27:57.782,353,265,507,323,468,38.0,36.1,529,0,2024-12-01 12:06:29
15:05:42.875,329,260,517,264,473,37.9,35.8,689,0,2024-12-01 12:06:30
14:57:23.965,344,270,480,343,467,37.8,35.6,606,0,2024-12-01 12:06:31
15:13:39.213,335,240,515,258,458,37.5,35.6,687,0,2024-12-01 12:06:32
15:07:07.443,343,255,498,262,447,37.6,35.6,771,0,2024-12-01 12:06:33
15:40:49.218,350,259,510,274,452,37.1,36.5,544,0,2024-12-01 12:06:34
15:11:18.586,344,237,499,249,461,37.1,35.7,759,0,2024-12-01 12:06:35
15:24:41.289,343,254,501,263,442,36.9,36.2,667,0,2024-12-01 12:06:36
14:48:11.500,343,271,485,258,462,37.0,35.3,346,0,2024-12-01 12:06:37
15:49:52.743,348,264,501,269,471,36.5,36.4,608,0,2024-12-01 12:06:38
15:48:17.147,357,266,516,314,443,36.3,36.8,482,0,2024-12-01 12:06:39
15:28:07.820,348,259,506,266,423,36.3,36.1,699,0,2024-12-01 12:06:40
15:39:25.236,342,249,548,275,456,36.1,36.4,560,0,2024-12-01 12:06:41
15:47:03.181,339,266,513,261,467,35.8,36.4,571,0,2024-12-01 12:06:42
15:56:45.219,325,251,505,268,459,35.9,36.9,827,0,2024-12-01 12:06:43
15:26:31.673,354,257,490,266,451,35.7,36.1,555,0,2024-12-01 12:06:44
15:09:22.816,339,258,498,261,452,35.7,35.6,794,0,2024-12-01 12:06:45
14:59:57.170,339,261,465,250,457,35.5,35.5,657,0,2024-12-01 12:06:46
15:44:18.400,351,254,506,276,445,35.3,36.4,550,0,2024-12-01 12:06:47
15:30:55.285,345,256,485,302,453,35.1,36.0,522,0,2024-12-01 12:06:48
15:00:26.755,337,262,470,247,470,35.1,35.5,714,0,2024-12-01 12:06:49
15:32:53.090,348,253,505,251,450,34.8,36.2,576,0,2024-12-01 12:06:50
15:33:10.008,327,252,498,270,459,34.5,36.4,512,0,2024-12-01 12:06:51
14:55:21.436,343,262,481,237,457,34.7,35.4,598,0,2024-12-01 12:06:52
15:05:24.373,357,270,491,258,455,34.5,35.9,753,0,2024-12-01 12:06:53
15:41:12.462,339,239,503,258,454,34.2,36.3,540,0,2024-12-01 12:06:54
14:46:08.976,314,241,464,246,446,34.3,35.3,286,0,2024-12-01 12:06:55
15:26:31.146,344,251,484,270,460,33.9,36.0,577,0,2024-12-01 12:06:56
15:20:15.667,344,265,545,257,461,33.8,35.9,723,0,2024-12-01 12:06:57
15:46:10.367,337,333,499,274,464,33.5,36.4,518,0,2024-12-01 12:06:58
15:16:44.260,341,253,484,243,439,33.6,35.9,713,0,2024-12-01 12:06:59
15:47:54.435,340,252,501,276,444,33.2,36.4,594,0,2024-12-01 12:07:00
15:38:09.191,326,252,519,273,441,33.0,36.6,528,0,2024-12-01 12:07:01
15:09:59.297,325,248,480,253,450,33.1,35.9,779,0,2024-12-01 12:07:02
15:27:18.160,343,256,492,249,461,32.9,36.1,847,0,2024-12-01 12:07:03
15:13:51.375,335,253,472,242,446,32.8,35.7,714,0,2024-12-01 12:07:04
15:06:57.931,336,237,482,237,447,32.8,35.6,709,0,2024-12-01 12:07:05
15:22:31.386,338,250,489,281,464,32.4,35.9,617,0,2024-12-01 12:07:06
15:03:20.125,297,276,469,244,450,32.4,35.7,802,0,2024-12-01 12:07:07
15:02:51.044,329,251,477,243,451,32.2,35.6,691,0,2024-12-01 12:07:08
15:31:00.564,354,243,516,260,445,32.0,36.0,544,0,2024-12-01 12:07:09
14:48:09.389,322,263,478,265,450,31.9,35.5,357,0,2024-12-01 12:07:10
15:13:59.309,323,258,476,255,459,31.8,35.7,739,0,2024-12-01 12:07:11
15:22:38.250,342,252,546,262,449,31.5,36.1,735,0,2024-12-01 12:07:12
14:55:13.513,335,273,471,241,446,31.5,35.4,615,0,2024-12-01 12:07:13
15:30:34.159,339,257,524,247,453,31.2,36.1,613,0,2024-12-01 12:07:14
15:53:28.745,349,247,493,354,459,30.9,36.5,467,0,2024-12-01 12:07:15
15:01:48.673,331,263,467,255,451,31.1,35.5,568,0,2024-12-01 12:07:16
14:59:09.099,339,269,502,241,451,30.8,35.6,653,0,2024-12-01 12:07:17
14:50:32.523,327,285,458,249,458,30.8,35.3,445,0,2024-12-01 12:07:18
15:07:31.236,328,241,474,259,454,30.5,35.7,683,0,2024-12-01 12:07:19
15:49:55.383,331,261,481,264,457,30.2,36.4,527,0,2024-12-01 12:07:20
14:57:37.169,330,257,470,236,450,30.2,35.6,624,0,2024-12-01 12:07:21
15:04:52.664,336,238,476,236,429,30.1,35.8,662,0,2024-12-01 12:07:22
15:21:23.262,342,248,480,252,444,29.9,35.9,586,0,2024-12-01 12:07:23
15:30:56.868,334,256,482,252,461,29.7,35.8,614,0,2024-12-01 12:07:24
14:48:41.078,307,256,462,249,452,29.7,35.3,321,0,2024-12-01 12:07:25
15:47:15.861,343,235,494,247,440,29.3,36.3,575,0,2024-12-01 12:07:26
15:24:35.477,342,253,480,257,430,29.2,36.0,624,0,2024-12-01 12:07:27
15:18:47.419,337,248,469,234,456,29.1,35.8,776,0,2024-12-01 12:07:28
15:36:52.086,337,246,494,272,444,28.8,36.7,676,0,2024-12-01 12:07:29
15:08:38.926,323,242,475,250,448,28.9,35.7,676,0,2024-12-01 12:07:30
15:07:02.685,332,224,487,240,449,28.7,35.7,764,0,2024-12-01 12:07:31
15:37:55.988,338,245,548,240,438,28.4,36.5,605,0,2024-12-01 12:07:32
15:21:01.084,332,264,475,241,419,28.4,36.0,685,0,2024-12-01 12:07:33
15:47:31.182,328,226,485,245,448,28.1,36.4,498,0,2024-12-01 12:07:34
14:54:00.096,318,278,471,247,452,28.2,35.4,577,0,2024-12-01 12:07:35
15:29:02.765,340,256,492,266,455,28.0,36.1,515,0,2024-12-01 12:07:36
14:58:52.190,330,248,471,239,442,27.8,35.6,591,0,2024-12-01 12:07:37
15:04:43.678,342,258,459,240,445,27.7,35.7,623,0,2024-12-01 12:07:38
15:31:34.365,315,251,493,254,442,27.4,35.9,587,0,2024-12-01 12:07:39
15:50:01.191,343,255,553,259,436,27.2,36.4,483,0,2024-12-01 12:07:40
15:19:37.100,319,233,456,245,436,27.2,35.9,825,0,2024-12-01 12:07:41
15:18:32.091,327,244,469,238,454,27.2,35.8,753,0,2024-12-01 12:07:42
14:52:42.974,337,262,476,237,444,27.0,35.4,561,0,2024-12-01 12:07:43
15:37:22.718,333,228,489,237,447,26.6,36.4,502,0,2024-12-01 12:07:44
15:28:21.554,329,228,478,237,450,26.5,36.1,598,0,2024-12-01 12:07:45
15:04:42.092,305,254,461,202,438,26.5,35.7,641,0,2024-12-01 12:07:46
14:46:32.742,317,248,460,233,439,26.4,35.8,386,0,2024-12-01 12:07:47
14:47:09.188,331,254,505,243,439,26.3,35.4,315,0,2024-12-01 12:07:48
15:55:31.283,335,253,532,257,447,25.8,36.4,515,0,2024-12-01 12:07:49
15:20:23.591,320,233,476,247,441,25.8,35.9,673,0,2024-12-01 12:07:50
15:26:07.381,322,244,473,297,443,25.6,36.1,584,0,2024-12-01 12:07:51
15:38:21.864,331,249,480,256,440,25.5,36.5,578,0,2024-12-01 12:07:52
15:34:14.976,289,247,450,264,442,25.3,36.3,498,0,2024-12-01 12:07:53
15:40:03.266,326,242,473,258,449,25.0,36.4,569,0,2024-12-01 12:07:54
15:24:12.242,343,244,480,246,438,25.0,36.1,629,0,2024-12-01 12:07:55
15:24:47.629,335,249,477,254,462,25.0,36.2,651,0,2024-12-01 12:07:56
15:55:13.852,343,254,492,264,441,24.5,36.5,513,0,2024-12-01 12:07:57
15:44:59.059,330,253,493,264,437,24.6,36.4,564,0,2024-12-01 12:07:58
14:59:28.647,332,246,459,234,444,24.5,35.4,163,0,2024-12-01 12:07:59
15:08:13.540,320,224,477,229,442,24.4,35.7,723,0,2024-12-01 12:08:00
15:49:00.993,325,248,480,256,419,24.1,36.7,469,0,2024-12-01 12:08:01
14:59:17.028,339,240,443,214,436,24.2,35.4,744,0,2024-12-01 12:08:02
15:24:07.488,314,255,469,243,433,23.8,36.2,719,0,2024-12-01 12:08:03
15:48:12.921,325,252,496,252,426,23.6,36.4,537,0,2024-12-01 12:08:04
15:15:29.186,322,225,451,231,426,23.5,35.6,732,0,2024-12-01 12:08:05
14:46:31.158,318,233,455,288,431,23.6,35.3,427,0,2024-12-01 12:08:06
14:48:16.781,342,272,458,237,437,23.4,35.4,354,0,2024-12-01 12:08:07
15:32:47.803,322,245,477,237,434,23.1,36.2,593,0,2024-12-01 12:08:08
15:02:43.111,314,247,467,253,442,23.0,35.6,605,0,2024-12-01 12:08:09
15:18:42.134,321,238,470,246,435,22.9,35.9,768,0,2024-12-01 12:08:10
15:14:45.306,302,251,463,186,441,22.6,35.7,711,0,2024-12-01 12:08:11
15:27:31.901,314,232,458,250,433,22.5,36.1,653,0,2024-12-01 12:08:12
15:51:19.350,335,253,491,260,413,22.2,36.7,531,0,2024-12-01 12:08:13
15:56:29.901,325,240,476,273,430,22.0,36.7,721,0,2024-12-01 12:08:14
15:34:03.882,318,231,501,249,429,22.0,36.3,589,0,2024-12-01 12:08:15
15:28:20.498,315,235,462,244,432,21.9,36.0,628,0,2024-12-01 12:08:16
15:30:26.765,304,241,453,249,437,21.7,36.1,558,0,2024-12-01 12:08:17
15:12:24.668,314,228,462,235,434,21.7,35.4,773,0,2024-12-01 12:08:18
15:35:10.948,324,234,474,248,408,21.5,36.5,502,0,2024-12-01 12:08:19
15:25:24.603,308,232,460,234,433,21.5,36.3,676,0,2024-12-01 12:08:20
15:09:26.516,308,249,503,242,422,21.5,35.9,617,0,2024-12-01 12:08:21
15:40:13.831,321,238,504,256,441,21.3,36.7,501,0,2024-12-01 12:08:22
15:51:15.123,337,206,467,236,422,21.3,36.5,542,0,2024-12-01 12:08:23
15:02:53.159,315,251,449,222,433,21.6,35.6,693,0,2024-12-01 12:08:24
15:49:42.710,325,233,473,252,401,21.3,36.7,529,0,2024-12-01 12:08:25
14:47:06.547,314,246,448,217,430,21.6,35.4,338,0,2024-12-01 12:08:26
14:55:51.538,317,247,443,223,420,21.6,35.3,634,0,2024-12-01 12:08:27
14:52:19.735,319,261,455,249,433,21.6,35.5,483,0,2024-12-01 12:08:28
15:34:51.410,317,222,472,245,431,21.4,36.5,570,0,2024-12-01 12:08:29
15:43:23.482,318,245,474,251,440,21.3,36.4,532,0,2024-12-01 12:08:30
15:46:30.963,315,249,472,260,463,21.2,36.4,496,0,2024-12-01 12:08:31
15:28:51.142,313,245,457,241,435,21.4,36.1,685,0,2024-12-01 12:08:32
15:17:23.906,317,246,458,221,440,21.4,35.9,674,0,2024-12-01 12:08:33
14:49:35.478,323,256,471,217,425,21.6,35.3,341,0,2024-12-01 12:08:34
15:03:12.192,319,238,454,280,424,21.5,35.9,647,0,2024-12-01 12:08:35
15:25:57.871,324,229,462,231,431,21.6,35.9,577,0,2024-12-01 12:08:36
15:10:51.631,301,246,444,237,440,21.5,35.6,786,0,2024-12-01 12:08:37
14:59:00.641,316,253,446,237,433,21.5,35.7,703,0,2024-12-01 12:08:38
15:53:21.876,317,244,474,248,440,21.2,36.4,490,0,2024-12-01 12:08:39
15:17:29.719,298,241,440,241,421,21.4,35.7,689,0,2024-12-01 12:08:40
15:46:44.165,316,243,478,260,436,21.4,36.4,558,0,2024-12-01 12:08:41
15:20:19.365,315,248,461,240,397,21.5,35.9,613,0,2024-12-01 12:08:42
15:46:36.243,317,225,478,261,438,21.3,36.3,524,0,2024-12-01 12:08:43
15:36:39.412,320,243,472,242,424,21.3,36.5,528,0,2024-12-01 12:08:44
15:18:11.477,323,246,460,240,419,21.6,35.8,821,0,2024-12-01 12:08:45
15:11:09.597,313,235,449,243,410,21.5,35.9,761,0,2024-12-01 12:08:46
15:47:29.069,324,239,469,243,432,21.3,36.3,568,0,2024-12-01 12:08:47
15:54:22.086,317,245,473,259,427,21.3,36.3,588,0,2024-12-01 12:08:48
14:58:33.697,327,246,446,228,420,21.5,35.9,701,0,2024-12-01 12:08:49
15:35:25.732,326,237,467,241,398,21.4,36.4,506,0,2024-12-01 12:08:50
15:18:23.103,322,211,455,236,434,21.4,35.9,852,0,2024-12-01 12:08:51
15:19:13.843,317,226,460,238,430,21.5,35.9,791,0,2024-12-01 12:08:52
15:24:08.545,323,246,444,249,409,21.4,36.1,710,0,2024-12-01 12:08:53
15:37:51.236,322,248,466,246,431,21.4,36.6,563,0,2024-12-01 12:08:54
15:41:46.803,327,243,496,259,429,21.3,36.4,540,0,2024-12-01 12:08:55
14:56:43.819,317,246,445,219,422,21.6,35.3,663,0,2024-12-01 12:08:56
15:45:47.646,315,233,471,247,437,21.3,36.7,485,0,2024-12-01 12:08:57
15:26:21.112,328,249,466,243,434,21.4,36.3,612,0,2024-12-01 12:08:58
14:54:04.321,321,257,468,235,421,21.7,35.4,561,0,2024-12-01 12:08:59
14:52:40.335,317,259,459,226,431,21.6,35.4,487,0,2024-12-01 12:09:00
15:05:00.592,296,246,434,228,427,21.4,35.7,608,0,2024-12-01 12:09:01
14:58:44.266,305,243,444,230,432,21.5,35.5,606,0,2024-12-01 12:09:02
15:07:41.284,310,241,451,235,418,21.5,35.9,679,0,2024-12-01 12:09:03
15:40:04.323,321,239,483,250,424,21.3,36.4,494,0,2024-12-01 12:09:04
15:51:45.226,321,243,479,257,428,21.2,36.8,538,0,2024-12-01 12:09:05
15:44:15.232,300,247,473,253,420,21.4,36.4,663,0,2024-12-01 12:09:06
15:43:43.023,315,244,467,247,408,21.4,36.7,438,0,2024-12-01 12:09:07
15:35:39.989,328,237,470,250,427,21.4,36.7,613,0,2024-12-01 12:09:08
15:11:38.676,328,238,450,234,432,21.4,35.6,790,0,2024-12-01 12:09:09
15:21:39.104,330,239,451,259,437,21.4,35.8,674,0,2024-12-01 12:09:10
15:28:55.896,322,232,446,248,435,21.4,36.1,656,0,2024-12-01 12:09:11
15:50:47.133,307,241,464,256,426,21.3,36.5,636,0,2024-12-01 12:09:12
15:17:29.190,313,219,469,224,428,21.4,35.7,719,0,2024-12-01 12:09:13
15:49:23.173,324,243,464,244,429,21.3,36.4,462,0,2024-12-01 12:09:14
15:00:44.192,325,234,453,230,429,21.5,35.4,660,0,2024-12-01 12:09:15
15:37:45.428,321,237,483,247,426,21.3,36.5,464,0,2024-12-01 12:09:16
15:47:28.012,324,251,468,261,428,21.3,36.4,445,0,2024-12-01 12:09:17
15:50:49.245,330,239,467,245,430,21.4,36.7,516,0,2024-12-01 12:09:18
15:30:24.125,325,250,461,261,430,21.4,36.0,617,0,2024-12-01 12:09:19
15:10:02.471,317,225,443,246,422,21.5,35.9,783,0,2024-12-01 12:09:20
15:05:26.488,327,244,460,241,433,21.5,35.8,712,0,2024-12-01 12:09:21
15:02:25.664,318,241,444,229,431,21.6,35.5,649,0,2024-12-01 12:09:22
15:22:10.790,325,235,464,227,432,21.4,36.0,707,0,2024-12-01 12:09:23
15:01:08.506,319,258,495,225,418,21.5,35.6,695,0,2024-12-01 12:09:24
15:10:48.987,310,235,458,234,418,21.4,35.6,780,0,2024-12-01 12:09:25
15:11:46.604,316,242,444,224,434,21.4,35.6,762,0,2024-12-01 12:09:26
15:49:19.478,322,246,463,251,432,21.4,36.7,465,0,2024-12-01 12:09:27
15:06:45.245,328,257,465,245,429,21.5,35.7,671,0,2024-12-01 12:09:28
15:14:46.892,319,243,459,253,407,21.4,35.7,703,0,2024-12-01 12:09:29
15:29:26.545,328,237,457,246,419,21.4,36.1,619,0,2024-12-01 12:09:30
15:18:15.705,325,222,452,243,410,21.4,35.9,707,0,2024-12-01 12:09:31
15:48:55.184,325,251,483,261,436,21.4,36.4,472,0,2024-12-01 12:09:32
15:47:23.259,328,247,493,256,430,21.3,36.4,485,0,2024-12-01 12:09:33
15:03:41.809,317,241,454,228,429,21.5,35.4,710,0,2024-12-01 12:09:34
15:25:46.253,321,261,461,220,427,21.4,36.0,558,0,2024-12-01 12:09:35
14:55:32.527,314,251,453,225,439,21.5,35.5,627,0,2024-12-01 12:09:36
15:50:40.270,328,238,532,250,427,21.3,36.5,507,0,2024-12-01 12:09:37
15:08:16.185,323,226,468,230,433,21.5,35.7,735,0,2024-12-01 12:09:38
15:10:03.528,319,243,449,253,426,21.5,35.4,786,0,2024-12-01 12:09:39
15:05:48.688,311,242,454,130,424,21.6,35.8,723,0,2024-12-01 12:09:40
15:50:51.358,318,241,464,261,414,21.4,36.4,482,0,2024-12-01 12:09:41
15:05:53.971,311,244,452,238,435,21.5,35.7,691,0,2024-12-01 12:09:42
15:13:58.251,313,241,455,227,418,21.5,35.7,761,0,2024-12-01 12:09:43
15:26:45.936,315,230,472,289,426,21.4,36.1,595,0,2024-12-01 12:09:44
15:28:46.914,324,231,469,249,391,21.4,36.2,610,0,2024-12-01 12:09:45
15:17:10.691,314,222,468,230,423,21.4,35.7,821,0,2024-12-01 12:09:46
14:50:08.227,320,262,464,241,429,21.6,35.8,429,0,2024-12-01 12:09:47
15:42:26.429,318,234,473,269,431,21.4,36.3,541,0,2024-12-01 12:09:48
14:59:29.174,322,251,448,234,437,21.5,35.5,636,0,2024-12-01 12:09:49
15:09:11.182,318,228,456,234,418,21.5,35.7,812,0,2024-12-01 12:09:50
15:18:33.677,318,231,460,243,427,21.5,35.9,744,0,2024-12-01 12:09:51
15:44:50.612,319,240,480,242,418,21.4,36.4,548,0,2024-12-01 12:09:52
14:53:54.815,304,256,458,232,443,21.5,35.4,344,0,2024-12-01 12:09:53
15:02:51.044,310,244,448,225,432,21.5,35.6,691,0,2024-12-01 12:09:54
15:31:21.690,298,248,468,248,437,21.4,35.9,649,0,2024-12-01 12:09:55
15:37:29.054,336,224,481,243,425,21.3,36.5,573,0,2024-12-01 12:09:56
15:54:18.389,322,205,477,246,430,21.3,36.4,522,0,2024-12-01 12:09:57
15:22:54.092,321,227,451,290,428,21.4,36.0,644,0,2024-12-01 12:09:58
15:33:58.073,314,242,461,251,427,21.4,36.3,446,0,2024-12-01 12:09:59
15:43:50.943,322,236,469,249,431,21.2,36.6,471,0,2024-12-01 12:10:00
15:14:56.937,314,233,454,243,440,21.4,36.0,735,0,2024-12-01 12:10:01
15:21:31.184,330,231,459,290,424,21.5,36.7,607,0,2024-12-01 12:10:02
15:46:30.963,316,239,478,258,463,21.2,37.4,496,0,2024-12-01 12:10:03
15:31:48.096,335,242,452,245,420,21.4,37.3,533,0,2024-12-01 12:10:04
14:51:06.849,320,268,482,233,442,21.6,37.0,428,0,2024-12-01 12:10:05
15:28:18.386,334,244,458,248,428,21.4,38.2,549,0,2024-12-01 12:10:06
14:47:21.860,308,222,448,244,440,21.6,37.6,404,0,2024-12-01 12:10:07
15:11:17.528,329,244,488,215,424,21.5,38.4,569,0,2024-12-01 12:10:08
15:15:33.942,326,240,457,250,430,21.5,38.4,671,0,2024-12-01 12:10:09
14:58:27.351,320,242,432,264,427,21.5,39.0,635,0,2024-12-01 12:10:10
15:18:24.162,326,233,460,264,433,21.5,39.6,735,0,2024-12-01 12:10:11
15:00:16.716,322,242,442,230,441,21.4,39.5,646,0,2024-12-01 12:10:12
15:35:19.923,330,232,472,243,424,21.4,41.0,665,0,2024-12-01 12:10:13
15:37:15.323,321,238,477,251,430,21.4,41.1,506,0,2024-12-01 12:10:14
15:42:54.957,328,204,479,236,448,21.2,41.5,474,0,2024-12-01 12:10:15
15:43:16.615,328,247,487,251,438,21.3,41.8,544,0,2024-12-01 12:10:16
15:53:01.805,333,239,478,257,434,21.3,42.1,589,0,2024-12-01 12:10:17
15:46:57.367,325,246,475,291,444,21.4,42.3,589,0,2024-12-01 12:10:18
15:28:43.744,336,250,472,244,362,21.5,42.6,514,0,2024-12-01 12:10:19
15:49:14.724,324,239,476,244,434,21.3,43.1,548,0,2024-12-01 12:10:20
15:39:05.167,335,244,475,237,418,21.4,43.5,580,0,2024-12-01 12:10:21
15:25:40.972,318,241,481,256,427,21.4,43.5,658,0,2024-12-01 12:10:22
14:51:14.243,335,246,473,224,425,21.6,43.1,522,0,2024-12-01 12:10:23
15:45:45.003,325,244,485,268,431,21.3,44.4,460,0,2024-12-01 12:10:24
15:17:19.676,328,278,453,243,443,21.4,44.1,645,0,2024-12-01 12:10:25
15:42:42.282,322,239,480,231,423,21.3,45.0,411,0,2024-12-01 12:10:26
14:48:16.254,318,265,484,242,436,21.6,44.4,274,0,2024-12-01 12:10:27
15:10:18.331,330,245,475,243,447,21.6,44.9,741,0,2024-12-01 12:10:28
15:00:33.100,290,260,448,235,433,21.5,45.2,627,0,2024-12-01 12:10:29
15:19:15.429,315,235,460,251,428,21.5,46.0,797,0,2024-12-01 12:10:30
15:07:59.793,305,252,451,254,438,21.4,46.0,712,0,2024-12-01 12:10:31
15:51:53.676,342,255,468,276,445,21.2,47.3,525,0,2024-12-01 12:10:32
15:04:25.174,328,272,460,280,451,21.6,46.7,673,0,2024-12-01 12:10:33
15:48:57.296,330,245,491,262,433,21.3,47.8,556,0,2024-12-01 12:10:34
15:32:01.827,321,239,479,263,423,21.6,47.6,529,0,2024-12-01 12:10:35
15:02:37.297,318,250,456,237,445,21.5,47.7,643,0,2024-12-01 12:10:36
15:41:25.676,318,259,460,287,451,21.3,48.7,502,0,2024-12-01 12:10:37
15:29:50.846,327,248,475,243,437,21.5,48.9,635,0,2024-12-01 12:10:38
15:49:21.590,321,244,497,259,441,21.3,49.7,523,0,2024-12-01 12:10:39
15:38:05.494,337,246,506,254,433,21.2,50.0,524,0,2024-12-01 12:10:40
15:49:20.005,334,247,482,285,437,21.3,50.5,440,0,2024-12-01 12:10:41
14:51:40.124,321,272,501,251,438,21.6,49.6,418,0,2024-12-01 12:10:42
15:47:45.450,332,263,478,269,442,21.3,51.1,531,0,2024-12-01 12:10:43
15:31:56.546,320,255,469,255,445,21.4,50.9,569,0,2024-12-01 12:10:44
15:46:29.906,334,247,529,262,427,21.2,51.6,482,0,2024-12-01 12:10:45
15:24:48.156,330,237,482,252,451,21.4,51.5,737,0,2024-12-01 12:10:46
15:12:07.224,327,246,460,245,443,21.5,51.7,787,0,2024-12-01 12:10:47
15:34:20.257,327,243,463,265,446,21.3,52.5,635,0,2024-12-01 12:10:48
14:51:46.990,339,268,460,254,446,21.6,51.9,393,0,2024-12-01 12:10:49
15:00:07.208,334,259,475,249,442,21.5,52.3,673,0,2024-12-01 12:10:50
15:39:02.528,337,245,481,264,441,21.3,53.6,534,0,2024-12-01 12:10:51
14:54:05.906,342,271,456,244,451,21.6,52.7,611,0,2024-12-01 12:10:52
15:56:21.980,345,256,494,258,447,21.2,54.4,712,0,2024-12-01 12:10:53
14:48:43.719,324,269,475,238,443,21.6,53.4,372,0,2024-12-01 12:10:54
15:46:37.829,324,247,493,270,432,21.4,54.8,601,0,2024-12-01 12:10:55
15:10:17.274,327,258,472,252,445,21.5,54.3,645,0,2024-12-01 12:10:56
15:19:47.672,332,260,515,256,446,21.5,55.0,632,0,2024-12-01 12:10:57
15:14:17.811,326,242,463,264,452,21.5,55.2,802,0,2024-12-01 12:10:58
15:24:05.377,341,248,481,265,454,21.4,55.9,567,0,2024-12-01 12:10:59
15:35:58.997,321,229,482,274,447,21.4,56.5,626,0,2024-12-01 12:11:00
15:14:25.214,326,244,482,260,450,21.4,56.4,627,0,2024-12-01 12:11:01
15:41:38.881,321,245,464,281,451,21.4,57.2,577,0,2024-12-01 12:11:02
15:20:10.914,341,247,472,246,460,21.4,57.0,865,0,2024-12-01 12:11:03
14:56:52.794,322,270,483,243,456,21.5,57.1,640,0,2024-12-01 12:11:04
15:10:02.471,332,237,470,246,448,21.5,57.7,783,0,2024-12-01 12:11:05
14:59:33.398,337,239,483,232,449,21.5,57.5,657,0,2024-12-01 12:11:06
15:18:46.891,332,249,473,252,462,21.5,58.4,871,0,2024-12-01 12:11:07
15:06:34.671,339,251,538,252,445,21.5,58.5,609,0,2024-12-01 12:11:08
15:01:42.857,330,267,461,238,444,21.6,58.7,605,0,2024-12-01 12:11:09
15:31:22.745,342,253,526,264,451,21.4,59.5,537,0,2024-12-01 12:11:10
14:53:57.983,335,276,475,291,455,21.6,59.2,513,0,2024-12-01 12:11:11
15:20:06.161,325,248,469,266,454,21.4,60.2,655,0,2024-12-01 12:11:12
15:35:32.069,336,235,505,253,458,21.4,60.9,621,0,2024-12-01 12:11:13
14:54:56.617,321,263,462,249,458,21.6,60.1,457,0,2024-12-01 12:11:14
15:37:07.405,330,263,494,262,444,21.3,61.8,512,0,2024-12-01 12:11:15
15:49:49.575,331,246,494,298,450,21.3,61.9,456,0,2024-12-01 12:11:16
14:53:47.951,325,265,475,237,422,21.6,61.1,500,0,2024-12-01 12:11:17
15:31:31.194,338,246,497,247,442,21.4,62.1,599,0,2024-12-01 12:11:18
15:32:30.356,332,250,493,258,455,21.4,62.7,460,0,2024-12-01 12:11:19
15:33:09.479,318,264,468,268,455,21.4,63.1,536,0,2024-12-01 12:11:20
15:20:51.577,342,235,482,259,453,21.4,63.2,687,0,2024-12-01 12:11:21
15:30:20.957,335,254,489,271,451,21.4,63.5,564,0,2024-12-01 12:11:22
15:11:52.417,344,263,510,257,451,21.5,63.6,708,0,2024-12-01 12:11:23
15:30:13.035,336,231,489,253,447,21.4,64.2,594,0,2024-12-01 12:11:24
14:55:10.346,345,265,487,236,463,21.6,63.9,618,0,2024-12-01 12:11:25
14:59:53.474,334,268,508,241,460,21.5,64.4,633,0,2024-12-01 12:11:26
15:46:37.829,338,256,484,268,446,21.4,65.5,601,0,2024-12-01 12:11:27
15:17:15.448,314,264,485,235,454,21.5,65.2,797,0,2024-12-01 12:11:28
15:18:43.191,345,250,483,262,451,21.5,65.7,721,0,2024-12-01 12:11:29
15:06:11.942,346,253,488,259,465,21.5,66.1,703,0,2024-12-01 12:11:30
15:26:59.670,320,230,500,247,450,21.4,66.6,544,0,2024-12-01 12:11:31
15:39:28.405,341,243,499,256,451,21.4,67.2,528,0,2024-12-01 12:11:32
15:00:36.797,317,269,481,258,465,21.5,66.7,655,0,2024-12-01 12:11:33
14:51:38.012,349,289,535,252,463,21.6,66.9,558,0,2024-12-01 12:11:34
15:09:13.297,333,270,488,297,415,21.5,67.6,745,0,2024-12-01 12:11:35
15:17:45.049,337,228,485,237,448,21.5,68.3,729,0,2024-12-01 12:11:36
15:21:58.115,337,251,558,254,463,21.4,68.5,679,0,2024-12-01 12:11:37
15:37:01.594,336,251,506,265,448,21.3,69.6,521,0,2024-12-01 12:11:38
15:24:25.973,348,258,514,263,450,21.4,69.2,544,0,2024-12-01 12:11:39
15:31:27.498,342,234,485,237,460,21.4,69.6,586,0,2024-12-01 12:11:40
15:34:09.163,331,240,508,273,441,21.4,70.3,624,0,2024-12-01 12:11:41
15:11:04.311,360,267,499,256,457,21.6,69.5,761,0,2024-12-01 12:11:42
15:18:51.119,336,259,504,250,466,21.4,70.7,788,0,2024-12-01 12:11:43
15:10:25.201,348,249,481,232,454,21.4,70.4,790,0,2024-12-01 12:11:44
15:49:26.341,354,253,492,272,475,21.4,71.7,568,0,2024-12-01 12:11:45
14:57:40.339,345,279,493,237,463,21.5,71.1,655,0,2024-12-01 12:11:46
15:43:02.877,347,255,511,278,465,21.3,72.4,579,0,2024-12-01 12:11:47
14:51:12.660,322,283,483,245,461,21.6,71.5,379,0,2024-12-01 12:11:48
15:22:21.351,336,248,495,253,450,21.4,72.4,714,0,2024-12-01 12:11:49
15:24:39.704,353,254,495,251,455,21.4,73.0,690,0,2024-12-01 12:11:50
15:28:09.934,345,268,541,268,463,21.4,73.3,512,0,2024-12-01 12:11:51
15:47:13.748,336,266,517,288,449,21.3,74.0,503,0,2024-12-01 12:11:52
15:28:27.891,346,255,506,288,474,21.6,74.0,646,0,2024-12-01 12:11:53
15:48:05.527,321,262,487,280,468,21.3,74.7,470,0,2024-12-01 12:11:54
15:30:39.442,348,251,512,261,454,21.5,74.6,605,0,2024-12-01 12:11:55
15:09:28.100,333,254,501,246,465,21.6,74.5,750,0,2024-12-01 12:11:56
15:18:59.575,343,258,496,249,441,21.6,75.3,818,0,2024-12-01 12:11:57
15:12:10.398,340,258,500,244,468,21.5,75.3,823,0,2024-12-01 12:11:58
15:17:26.547,452,265,477,254,472,21.4,75.6,710,0,2024-12-01 12:11:59
15:07:04.272,337,265,494,265,449,21.5,76.1,666,0,2024-12-01 12:12:00
15:53:32.442,337,249,518,237,452,21.3,77.0,465,0,2024-12-01 12:12:01
15:30:01.943,344,270,507,263,470,21.5,77.0,528,0,2024-12-01 12:12:02
15:55:06.986,346,275,518,272,435,21.2,77.7,523,0,2024-12-01 12:12:03
15:11:19.644,345,271,496,266,444,21.5,77.5,721,0,2024-12-01 12:12:04
15:40:34.430,344,272,522,274,473,21.3,78.3,544,0,2024-12-01 12:12:05
15:10:29.955,354,264,510,257,454,21.4,77.9,802,0,2024-12-01 12:12:06
15:27:22.917,347,257,507,284,461,21.4,78.8,507,0,2024-12-01 12:12:07
15:32:44.631,330,248,543,283,461,21.4,79.2,573,0,2024-12-01 12:12:08
14:55:15.626,352,282,486,247,471,21.6,78.7,614,0,2024-12-01 12:12:09
15:07:41.813,341,251,507,253,464,21.5,79.3,783,0,2024-12-01 12:12:10
15:35:45.270,353,271,518,278,458,21.4,80.5,598,0,2024-12-01 12:12:11
15:54:12.052,355,254,559,272,471,21.3,80.7,517,0,2024-12-01 12:12:12
15:04:22.529,346,267,496,218,483,21.5,80.3,633,0,2024-12-01 12:12:13
15:52:51.241,354,256,518,287,475,21.3,81.6,533,0,2024-12-01 12:12:14
15:23:17.326,364,256,498,268,476,21.4,81.3,706,0,2024-12-01 12:12:15
15:44:47.443,363,271,513,277,445,21.4,82.3,537,0,2024-12-01 12:12:16
15:21:49.139,341,256,527,270,452,21.4,81.9,701,0,2024-12-01 12:12:17
15:30:01.943,350,258,512,278,472,21.5,82.4,528,0,2024-12-01 12:12:18
15:41:29.904,324,273,518,268,461,21.4,83.0,479,0,2024-12-01 12:12:19
15:07:47.631,354,257,496,277,485,21.5,82.7,697,0,2024-12-01 12:12:20
15:41:49.975,341,264,513,278,470,21.4,83.6,520,0,2024-12-01 12:12:21
15:13:07.490,350,258,496,253,478,21.5,83.4,665,0,2024-12-01 12:12:22
14:50:43.083,352,287,482,252,503,21.5,83.4,398,0,2024-12-01 12:12:23
15:02:00.819,349,258,519,251,465,21.6,83.7,629,0,2024-12-01 12:12:24
15:35:10.948,342,268,522,268,444,21.5,85.2,502,0,2024-12-01 12:12:25
15:56:42.050,356,260,527,277,467,21.3,85.9,843,0,2024-12-01 12:12:26
15:46:46.805,352,262,529,263,481,21.4,85.7,568,0,2024-12-01 12:12:27
15:28:08.349,347,260,512,280,471,21.5,85.8,575,0,2024-12-01 12:12:28
15:44:12.592,359,254,532,313,470,21.4,86.4,457,0,2024-12-01 12:12:29
14:48:17.837,360,286,580,264,478,21.7,85.3,295,0,2024-12-01 12:12:30
14:53:34.743,353,272,493,271,479,21.6,85.5,708,0,2024-12-01 12:12:31
15:54:29.488,351,274,531,276,476,21.3,86.3,495,0,2024-12-01 12:12:32
14:59:23.367,348,267,536,256,473,21.5,85.5,660,0,2024-12-01 12:12:33
14:59:50.832,362,288,516,268,474,21.5,85.5,674,0,2024-12-01 12:12:34
15:35:52.662,346,251,522,274,470,21.4,86.4,506,0,2024-12-01 12:12:35
15:36:19.347,353,279,529,279,484,21.4,86.4,590,0,2024-12-01 12:12:36
15:08:33.638,359,263,503,274,447,21.5,85.6,697,0,2024-12-01 12:12:37
15:36:47.863,359,229,521,267,480,21.3,86.4,600,0,2024-12-01 12:12:38
15:20:37.848,341,256,517,275,473,21.4,85.9,807,0,2024-12-01 12:12:39
14:47:15.524,344,263,487,266,462,21.6,85.3,175,0,2024-12-01 12:12:40
15:02:05.045,359,267,484,187,478,21.6,85.4,598,0,2024-12-01 12:12:41
15:42:42.811,361,263,497,280,477,21.3,86.3,430,0,2024-12-01 12:12:42
15:49:42.710,371,262,523,277,438,21.3,86.7,529,0,2024-12-01 12:12:43
15:11:56.648,343,264,501,247,471,21.5,85.9,696,0,2024-12-01 12:12:44
15:22:03.922,367,262,538,266,475,21.4,86.0,748,0,2024-12-01 12:12:45
15:40:29.678,351,264,521,280,467,21.4,86.3,548,0,2024-12-01 12:12:46
14:46:08.448,356,261,500,297,476,21.6,85.3,296,0,2024-12-01 12:12:47
15:27:57.253,353,261,517,270,480,21.4,86.0,593,0,2024-12-01 12:12:48
15:08:52.142,351,290,498,273,462,21.5,85.7,685,0,2024-12-01 12:12:49
15:19:57.711,361,270,561,273,477,21.4,85.9,653,0,2024-12-01 12:12:50
15:32:27.713,357,275,520,271,457,21.4,86.1,539,0,2024-12-01 12:12:51
15:54:38.996,351,263,532,272,462,21.3,86.3,677,0,2024-12-01 12:12:52
15:40:37.599,358,253,529,271,484,21.3,86.4,574,0,2024-12-01 12:12:53
15:45:02.228,356,266,509,268,484,21.3,86.5,455,0,2024-12-01 12:12:54
14:54:18.055,350,278,499,239,479,21.6,85.3,503,0,2024-12-01 12:12:55
15:54:44.806,352,255,511,297,447,21.3,86.4,496,0,2024-12-01 12:12:56
15:07:03.214,358,260,512,266,461,21.5,85.7,717,0,2024-12-01 12:12:57
15:38:32.427,341,266,504,281,482,21.4,86.7,579,0,2024-12-01 12:12:58
14:58:42.153,364,278,492,254,458,21.5,85.5,595,0,2024-12-01 12:12:59
15:54:50.086,345,264,567,266,469,21.3,86.4,524,0,2024-12-01 12:13:00
15:21:15.871,353,275,509,268,485,21.4,85.9,697,0,2024-12-01 12:13:01
15:48:02.358,349,266,515,272,472,21.3,86.4,489,0,2024-12-01 12:13:02
15:23:04.653,349,254,506,265,460,21.4,85.9,643,0,2024-12-01 12:13:03
14:49:36.006,340,289,515,294,472,21.6,85.5,423,0,2024-12-01 12:13:04
15:41:15.634,360,260,509,280,470,21.3,86.3,524,0,2024-12-01 12:13:05
15:41:38.352,351,259,523,268,478,21.4,86.4,468,0,2024-12-01 12:13:06
15:12:47.403,349,247,500,249,472,21.5,85.6,728,0,2024-12-01 12:13:07
15:20:57.386,365,265,537,268,471,21.4,86.0,677,0,2024-12-01 12:13:08
14:58:02.521,355,259,489,234,479,21.5,85.4,725,0,2024-12-01 12:13:09
15:43:56.752,356,258,527,264,480,21.3,86.4,483,0,2024-12-01 12:13:10
15:03:39.695,355,250,489,232,487,21.5,85.7,618,0,2024-12-01 12:13:11
14:55:40.976,351,264,497,258,476,21.6,85.3,593,0,2024-12-01 12:13:12
15:35:29.956,343,251,509,283,491,21.4,86.6,508,0,2024-12-01 12:13:13
15:01:21.188,339,293,490,310,475,21.5,85.6,633,0,2024-12-01 12:13:14
15:10:14.101,348,265,500,252,467,21.5,85.6,793,0,2024-12-01 12:13:15
15:01:22.245,349,262,498,251,461,21.5,85.5,687,0,2024-12-01 12:13:16
15:17:20.205,304,262,482,267,470,21.4,85.7,742,0,2024-12-01 12:13:17
14:51:38.012,373,298,554,252,487,21.6,85.4,558,0,2024-12-01 12:13:18
15:56:30.430,358,268,525,311,471,21.3,86.7,727,0,2024-12-01 12:13:19
14:51:33.785,351,294,495,273,463,21.6,85.8,173,0,2024-12-01 12:13:20
15:07:03.743,360,255,510,236,475,21.5,85.7,666,0,2024-12-01 12:13:21
15:28:40.573,345,271,510,305,467,21.5,86.2,628,0,2024-12-01 12:13:22
15:10:41.585,349,255,503,249,480,21.5,85.7,745,0,2024-12-01 12:13:23
14:46:52.283,352,264,546,254,488,21.6,85.4,375,0,2024-12-01 12:13:24
15:19:34.986,343,255,538,256,456,21.5,85.9,700,0,2024-12-01 12:13:25
15:27:41.935,345,241,499,272,466,21.4,86.0,630,0,2024-12-01 12:13:26
15:06:15.641,362,276,502,274,466,21.5,85.8,649,0,2024-12-01 12:13:27
14:51:38.540,348,252,513,255,474,21.5,85.5,508,0,2024-12-01 12:13:28
15:28:35.816,350,262,512,257,467,21.5,86.3,714,0,2024-12-01 12:13:29
14:54:47.636,354,276,526,241,475,21.6,85.4,554,0,2024-12-01 12:13:30
15:27:08.651,351,255,515,274,456,21.4,86.2,573,0,2024-12-01 12:13:31
15:44:18.400,352,256,524,279,473,21.4,86.4,550,0,2024-12-01 12:13:32
15:45:29.163,357,233,525,264,478,21.4,86.4,446,0,2024-12-01 12:13:33
15:03:09.020,348,261,500,254,482,21.6,85.8,751,0,2024-12-01 12:13:34
14:54:22.281,348,276,499,257,483,21.6,85.5,609,0,2024-12-01 12:13:35
15:53:00.748,344,263,505,287,483,21.3,86.5,403,0,2024-12-01 12:13:36
14:48:24.706,351,287,507,245,481,21.6,85.4,326,0,2024-12-01 12:13:37
15:40:25.453,343,257,516,275,471,21.3,86.4,543,0,2024-12-01 12:13:38
15:21:30.128,338,275,504,270,477,21.4,86.0,603,0,2024-12-01 12:13:39
15:20:58.442,354,257,510,270,465,21.5,86.1,693,0,2024-12-01 12:13:40
15:00:29.399,343,265,484,253,470,21.5,85.6,630,0,2024-12-01 12:13:41
15:22:53.035,353,259,542,281,480,21.6,85.9,610,0,2024-12-01 12:13:42
15:40:03.266,337,273,503,291,475,21.2,86.4,569,0,2024-12-01 12:13:43
15:21:39.632,351,264,533,273,465,21.4,86.0,749,0,2024-12-01 12:13:44
15:41:51.561,313,264,527,279,463,21.4,86.3,534,0,2024-12-01 12:13:45
15:36:46.278,337,263,504,289,465,21.3,86.4,501,0,2024-12-01 12:13:46
15:12:57.975,356,259,496,255,468,21.5,85.6,773,0,2024-12-01 12:13:47
15:31:10.599,347,261,499,256,439,21.4,86.0,606,0,2024-12-01 12:13:48
15:15:03.810,347,263,504,274,479,21.5,85.7,723,0,2024-12-01 12:13:49
15:41:08.763,346,246,521,271,457,21.4,86.5,558,0,2024-12-01 12:13:50
15:50:28.122,350,277,524,260,449,21.3,86.7,626,0,2024-12-01 12:13:51
14:56:07.907,341,279,489,247,475,21.5,85.4,736,0,2024-12-01 12:13:52
15:13:38.684,354,261,505,270,464,21.5,85.6,749,0,2024-12-01 12:13:53
15:37:13.211,355,270,507,290,469,21.3,86.5,584,0,2024-12-01 12:13:54
15:22:59.371,348,262,512,262,482,21.4,85.9,637,0,2024-12-01 12:13:55
15:36:16.178,361,244,518,260,535,21.4,86.7,660,0,2024-12-01 12:13:56
15:38:02.855,356,270,525,279,490,21.3,86.4,614,0,2024-12-01 12:13:57
14:53:01.992,354,282,507,248,473,21.6,85.4,518,0,2024-12-01 12:13:58
14:53:14.142,356,257,501,235,470,21.6,85.4,494,0,2024-12-01 12:13:59
14:47:38.758,369,220,495,258,480,21.6,85.4,339,0,2024-12-01 12:14:00
15:41:28.319,364,265,515,274,474,21.3,86.5,461,0,2024-12-01 12:14:01
15:10:46.872,353,279,512,271,487,21.4,85.7,729,0,2024-12-01 12:14:02
15:15:31.829,349,255,506,252,470,21.4,85.4,644,0,2024-12-01 12:14:03
15:32:48.862,355,259,518,269,477,21.4,86.1,545,0,2024-12-01 12:14:04
14:48:36.853,353,293,498,269,482,21.6,85.4,315,0,2024-12-01 12:14:05
14:56:40.122,345,263,485,257,460,21.6,85.3,629,0,2024-12-01 12:14:06
15:39:06.223,354,267,523,282,488,21.3,86.5,430,0,2024-12-01 12:14:07
14:49:15.937,350,294,502,287,481,21.6,85.3,443,0,2024-12-01 12:14:08
15:13:14.893,354,256,496,317,462,21.4,85.7,679,0,2024-12-01 12:14:09
14:49:40.762,364,287,505,255,485,21.6,85.6,498,0,2024-12-01 12:14:10
15:14:01.953,346,264,502,253,473,21.5,85.6,687,0,2024-12-01 12:14:11
15:40:14.888,345,253,511,268,465,21.2,86.5,691,0,2024-12-01 12:14:12
15:41:26.733,365,234,518,267,478,21.3,86.3,514,0,2024-12-01 12:14:13
15:20:10.387,362,257,496,271,466,21.4,85.9,815,0,2024-12-01 12:14:14
15:29:49.262,357,263,516,284,470,21.4,86.1,579,0,2024-12-01 12:14:15
14:48:40.549,352,275,506,245,483,21.6,85.3,320,0,2024-12-01 12:14:16
14:49:08.543,354,278,531,259,465,21.6,85.4,404,0,2024-12-01 12:14:17
15:18:36.849,359,259,515,254,460,21.5,86.0,753,0,2024-12-01 12:14:18
14:55:56.818,357,269,492,244,477,21.6,85.4,592,0,2024-12-01 12:14:19
15:29:11.748,355,261,504,276,477,21.4,86.2,585,0,2024-12-01 12:14:20
14:53:13.615,359,289,490,268,478,21.6,85.4,443,0,2024-12-01 12:14:21
15:35:02.499,340,273,510,274,475,21.4,86.5,600,0,2024-12-01 12:14:22
15:26:23.224,347,265,496,293,470,21.4,85.8,538,0,2024-12-01 12:14:23
15:42:06.889,359,267,520,269,473,21.2,86.6,534,0,2024-12-01 12:14:24
15:51:26.742,360,266,529,295,478,21.3,86.6,535,0,2024-12-01 12:14:25
15:39:31.045,367,293,500,274,492,21.4,86.6,574,0,2024-12-01 12:14:26
15:02:58.444,341,271,482,254,476,21.5,85.9,669,0,2024-12-01 12:14:27
15:35:52.662,347,253,511,284,469,21.4,86.4,506,0,2024-12-01 12:14:28
15:32:29.827,355,268,518,267,450,21.4,86.2,615,0,2024-12-01 12:14:29
15:15:31.300,338,267,492,259,469,21.4,85.7,799,0,2024-12-01 12:14:30
15:40:28.093,351,257,514,257,461,21.3,86.4,524,0,2024-12-01 12:14:31
15:35:46.853,347,271,511,259,465,21.4,86.4,565,0,2024-12-01 12:14:32
15:00:44.720,356,276,483,245,473,21.5,85.5,627,0,2024-12-01 12:14:33
15:18:20.989,353,253,505,268,450,21.5,85.9,738,0,2024-12-01 12:14:34
15:29:43.980,351,251,518,266,466,21.4,86.1,541,0,2024-12-01 12:14:35
15:48:18.731,349,259,522,281,447,21.3,86.4,512,0,2024-12-01 12:14:36
15:01:22.245,347,266,494,248,459,21.5,85.5,687,0,2024-12-01 12:14:37
15:47:40.695,352,273,511,325,465,21.4,86.4,153,0,2024-12-01 12:14:38
15:07:18.547,304,268,487,266,481,21.5,85.6,769,0,2024-12-01 12:14:39
15:33:03.669,343,266,515,280,488,21.3,86.3,556,0,2024-12-01 12:14:40
15:44:59.586,351,265,519,267,474,21.6,86.3,531,0,2024-12-01 12:14:41
14:51:52.271,353,279,509,262,468,21.6,85.3,515,0,2024-12-01 12:14:42
15:33:44.344,347,270,518,273,471,21.4,86.4,494,0,2024-12-01 12:14:43
15:01:39.685,355,273,506,259,461,21.6,85.4,555,0,2024-12-01 12:14:44
15:42:24.316,353,230,518,260,459,21.4,86.3,496,0,2024-12-01 12:14:45
15:06:10.884,361,266,501,321,488,21.5,85.9,623,0,2024-12-01 12:14:46
15:06:08.240,354,263,504,259,479,21.5,86.1,687,0,2024-12-01 12:14:47
15:12:16.211,346,264,499,257,477,21.4,85.9,700,0,2024-12-01 12:14:48
14:52:56.182,340,308,479,254,486,21.6,85.5,520,0,2024-12-01 12:14:49
14:55:14.570,370,278,489,233,470,21.6,85.4,453,0,2024-12-01 12:14:50
15:21:18.510,331,267,508,271,453,21.4,85.9,673,0,2024-12-01 12:14:51
15:33:43.289,355,256,571,266,473,21.4,86.3,500,0,2024-12-01 12:14:52
15:05:51.858,354,254,538,264,470,21.5,85.4,696,0,2024-12-01 12:14:53
15:49:44.295,349,253,506,275,464,21.3,86.4,550,0,2024-12-01 12:14:54
15:18:05.662,351,252,518,274,472,21.6,85.7,764,0,2024-12-01 12:14:55
14:55:28.301,348,263,497,252,472,21.6,85.4,500,0,2024-12-01 12:14:56
14:49:34.950,342,290,482,262,472,21.6,85.6,391,0,2024-12-01 12:14:57
14:58:23.120,345,254,509,234,480,21.5,85.6,665,0,2024-12-01 12:14:58
15:44:43.218,345,253,522,263,450,21.4,86.5,419,0,2024-12-01 12:14:59
14:47:46.679,357,269,508,258,460,21.6,85.4,423,0,2024-12-01 12:15:00
14:56:41.707,350,270,510,259,477,21.5,85.1,636,0,2024-12-01 12:15:01
14:51:36.954,351,290,501,264,488,21.6,84.8,593,0,2024-12-01 12:15:02
15:39:19.953,357,269,524,309,485,21.3,85.4,530,0,2024-12-01 12:15:03
15:16:09.365,347,266,507,258,457,21.5,84.3,775,0,2024-12-01 12:15:04
15:47:51.793,342,260,522,272,452,21.3,84.6,588,0,2024-12-01 12:15:05
15:11:58.235,361,257,534,271,460,21.5,83.4,742,0,2024-12-01 12:15:06
14:51:24.805,356,282,492,223,465,21.6,83.1,402,0,2024-12-01 12:15:07
15:08:31.521,344,254,497,261,467,21.5,82.9,680,0,2024-12-01 12:15:08
14:58:10.975,349,269,480,237,470,21.5,82.4,656,0,2024-12-01 12:15:09
15:51:45.226,344,265,528,269,475,21.2,83.4,538,0,2024-12-01 12:15:10
15:30:54.229,358,254,506,280,471,21.5,82.3,581,0,2024-12-01 12:15:11
15:31:14.824,347,265,506,329,476,21.4,82.2,551,0,2024-12-01 12:15:12
14:56:40.122,347,262,492,260,457,21.6,80.9,629,0,2024-12-01 12:15:13
15:38:22.393,352,252,522,278,463,21.3,82.0,494,0,2024-12-01 12:15:14
15:30:32.045,355,260,506,267,471,21.5,81.1,462,0,2024-12-01 12:15:15
15:27:18.160,354,255,510,251,468,21.4,80.7,847,0,2024-12-01 12:15:16
15:19:01.690,356,261,512,268,464,21.5,80.2,809,0,2024-12-01 12:15:17
15:10:53.215,353,255,509,268,457,21.5,79.6,715,0,2024-12-01 12:15:18
15:00:01.397,339,270,485,239,461,21.6,79.0,626,0,2024-12-01 12:15:19
14:48:04.636,347,271,500,237,416,21.6,78.6,403,0,2024-12-01 12:15:20
15:33:01.024,345,270,521,253,460,21.4,79.2,569,0,2024-12-01 12:15:21
15:55:22.304,351,243,509,265,470,21.1,79.1,441,0,2024-12-01 12:15:22
14:54:56.088,349,262,485,264,475,21.8,77.5,436,0,2024-12-01 12:15:23
14:52:18.678,352,296,500,252,443,21.6,77.3,525,0,2024-12-01 12:15:24
15:32:38.813,342,248,498,281,471,21.2,77.9,595,0,2024-12-01 12:15:25
15:33:13.178,348,257,490,275,490,21.4,77.7,521,0,2024-12-01 12:15:26
15:15:11.742,346,256,494,251,474,21.4,76.8,795,0,2024-12-01 12:15:27
15:52:15.334,350,209,511,310,466,21.4,76.9,550,0,2024-12-01 12:15:28
14:52:07.585,357,268,487,233,470,21.6,75.7,470,0,2024-12-01 12:15:29
15:11:46.074,343,250,488,258,455,21.4,75.6,789,0,2024-12-01 12:15:30
15:22:21.879,346,261,494,312,475,21.4,75.6,740,0,2024-12-01 12:15:31
15:03:19.596,353,273,490,248,470,21.5,75.0,717,0,2024-12-01 12:15:32
15:25:49.948,350,256,499,264,467,21.4,75.1,590,0,2024-12-01 12:15:33
14:50:59.984,344,281,494,243,464,21.6,74.0,470,0,2024-12-01 12:15:34
15:51:18.292,347,256,512,239,465,21.3,75.0,609,0,2024-12-01 12:15:35
15:09:36.032,346,269,535,270,456,21.5,73.5,757,0,2024-12-01 12:15:36
15:52:19.030,349,253,542,283,464,21.3,74.1,524,0,2024-12-01 12:15:37
14:52:33.468,354,276,491,251,452,21.6,72.5,548,0,2024-12-01 12:15:38
15:42:41.752,375,260,507,273,462,21.3,73.2,532,0,2024-12-01 12:15:39
15:19:37.100,324,250,472,262,468,21.5,72.5,825,0,2024-12-01 12:15:40
15:28:32.644,341,245,500,267,466,21.4,72.4,561,0,2024-12-01 12:15:41
15:29:42.395,349,239,518,266,463,21.4,72.0,649,0,2024-12-01 12:15:42
15:37:38.559,348,261,507,269,444,21.2,72.4,520,0,2024-12-01 12:15:43
15:39:31.045,355,277,484,272,474,21.4,71.8,574,0,2024-12-01 12:15:44
15:43:15.558,350,244,508,257,453,21.3,71.2,460,0,2024-12-01 12:15:45
14:47:01.264,341,259,483,247,441,21.6,70.2,248,0,2024-12-01 12:15:46
15:18:01.961,347,233,492,242,447,21.5,70.1,691,0,2024-12-01 12:15:47
15:44:36.351,311,264,523,271,458,21.4,70.2,460,0,2024-12-01 12:15:48
14:48:18.895,320,275,472,258,469,21.6,68.9,297,0,2024-12-01 12:15:49
15:15:45.043,330,266,473,253,461,21.5,68.9,697,0,2024-12-01 12:15:50
15:46:11.951,352,254,497,281,462,21.4,69.3,502,0,2024-12-01 12:15:51
14:49:07.487,335,294,486,251,457,21.6,67.9,322,0,2024-12-01 12:15:52
14:58:19.952,332,270,478,310,454,21.5,67.6,641,0,2024-12-01 12:15:53
14:46:44.889,351,107,479,244,467,21.6,67.2,343,0,2024-12-01 12:15:54
15:28:41.101,355,277,503,266,456,21.6,67.6,644,0,2024-12-01 12:15:55
15:39:25.236,345,252,547,275,457,21.3,67.6,560,0,2024-12-01 12:15:56
15:52:20.085,345,268,492,293,457,21.3,67.4,544,0,2024-12-01 12:15:57
15:15:36.584,319,251,468,252,460,21.4,66.4,766,0,2024-12-01 12:15:58
15:49:36.373,337,262,503,263,444,21.4,66.9,505,0,2024-12-01 12:15:59
15:53:10.254,328,262,496,264,453,21.3,66.4,549,0,2024-12-01 12:16:00
14:51:12.132,337,276,504,249,458,21.6,64.8,414,0,2024-12-01 12:16:01
15:05:37.590,327,261,483,274,437,21.5,65.3,694,0,2024-12-01 12:16:02
15:54:25.259,353,246,511,271,446,21.2,65.3,478,0,2024-12-01 12:16:03
15:01:25.943,331,250,479,246,462,21.5,64.2,634,0,2024-12-01 12:16:04
14:51:53.327,341,278,483,300,456,21.5,63.6,349,0,2024-12-01 12:16:05
14:52:08.641,338,281,478,248,441,21.6,63.3,576,0,2024-12-01 12:16:06
15:52:36.985,350,257,508,278,455,21.3,64.0,525,0,2024-12-01 12:16:07
15:33:15.291,330,262,490,256,447,21.6,63.4,562,0,2024-12-01 12:16:08
14:59:27.590,340,266,473,230,441,21.5,62.2,716,0,2024-12-01 12:16:09
15:01:53.427,326,260,455,251,446,21.6,61.9,735,0,2024-12-01 12:16:10
15:26:23.751,359,259,486,263,449,21.4,62.2,584,0,2024-12-01 12:16:11
14:53:51.648,332,272,484,246,449,21.6,61.1,526,0,2024-12-01 12:16:12
15:29:32.884,325,247,486,257,460,21.4,61.7,577,0,2024-12-01 12:16:13
15:19:14.372,327,257,483,257,449,21.4,61.1,663,0,2024-12-01 12:16:14
15:51:47.866,345,258,513,267,461,21.3,61.5,536,0,2024-12-01 12:16:15
15:44:38.992,335,229,505,248,427,21.4,60.8,555,0,2024-12-01 12:16:16
15:02:03.460,330,260,457,248,449,21.5,59.9,719,0,2024-12-01 12:16:17
14:59:23.367,342,252,510,237,457,21.5,59.3,660,0,2024-12-01 12:16:18
15:19:56.127,340,243,483,255,449,21.4,59.4,657,0,2024-12-01 12:16:19
15:35:18.340,342,252,486,270,447,21.4,59.6,536,0,2024-12-01 12:16:20
15:48:07.640,312,220,478,268,452,21.3,59.5,521,0,2024-12-01 12:16:21
15:22:38.778,337,256,484,241,455,21.4,58.5,632,0,2024-12-01 12:16:22
14:58:55.358,318,257,464,234,447,21.5,57.6,649,0,2024-12-01 12:16:23
15:44:00.976,334,274,502,312,452,21.4,58.2,466,0,2024-12-01 12:16:24
14:53:15.726,334,279,478,238,453,21.6,56.8,599,0,2024-12-01 12:16:25
15:23:40.559,343,221,472,245,452,21.4,57.1,688,0,2024-12-01 12:16:26
14:56:38.537,330,270,467,238,502,21.6,56.6,643,0,2024-12-01 12:16:27
15:09:01.134,325,256,460,254,449,21.5,56.2,681,0,2024-12-01 12:16:28
15:27:57.782,339,257,484,304,445,21.4,56.2,529,0,2024-12-01 12:16:29
15:05:42.875,318,258,489,248,462,21.5,55.6,689,0,2024-12-01 12:16:30
14:57:23.965,331,256,462,323,450,21.5,55.1,606,0,2024-12-01 12:16:31
15:13:39.213,339,233,497,253,438,21.4,54.7,687,0,2024-12-01 12:16:32
15:07:07.443,328,241,475,241,435,21.6,54.4,771,0,2024-12-01 12:16:33
15:40:49.218,334,246,500,262,442,21.3,55.0,544,0,2024-12-01 12:16:34
15:11:18.586,322,233,475,246,437,21.4,53.8,759,0,2024-12-01 12:16:35
15:24:41.289,327,248,484,250,429,21.4,54.0,667,0,2024-12-01 12:16:36
14:48:11.500,327,254,470,248,450,21.6,52.7,346,0,2024-12-01 12:16:37
15:49:52.743,320,261,475,274,443,21.3,53.5,608,0,2024-12-01 12:16:38
15:48:17.147,325,254,494,293,441,21.2,53.6,482,0,2024-12-01 12:16:39
15:28:07.820,333,235,477,260,409,21.4,52.5,699,0,2024-12-01 12:16:40
15:39:25.236,336,240,535,255,442,21.3,52.5,560,0,2024-12-01 12:16:41
15:47:03.181,315,242,492,258,449,21.2,52.2,571,0,2024-12-01 12:16:42
15:56:45.219,312,255,474,256,442,21.4,52.3,827,0,2024-12-01 12:16:43
15:26:31.673,321,256,480,249,422,21.4,51.2,555,0,2024-12-01 12:16:44
15:09:22.816,326,249,478,241,436,21.5,50.4,794,0,2024-12-01 12:16:45
14:59:57.170,338,262,451,239,440,21.5,49.9,657,0,2024-12-01 12:16:46
15:44:18.400,335,240,487,274,434,21.4,50.5,550,0,2024-12-01 12:16:47
15:30:55.285,319,235,481,302,450,21.4,49.8,522,0,2024-12-01 12:16:48
15:00:26.755,323,256,448,230,441,21.5,48.9,714,0,2024-12-01 12:16:49
15:32:53.090,337,245,484,242,438,21.4,49.3,576,0,2024-12-01 12:16:50
15:33:10.008,319,244,472,261,434,21.2,49.2,512,0,2024-12-01 12:16:51
14:55:21.436,323,260,456,231,444,21.6,47.8,598,0,2024-12-01 12:16:52
15:05:24.373,346,258,466,243,453,21.5,48.0,753,0,2024-12-01 12:16:53
15:41:12.462,323,230,492,257,432,21.4,48.0,540,0,2024-12-01 12:16:54
14:46:08.976,292,235,452,241,441,21.6,46.7,286,0,2024-12-01 12:16:55
15:26:31.146,329,241,466,261,441,21.4,47.1,577,0,2024-12-01 12:16:56
15:20:15.667,328,251,524,247,447,21.4,46.6,723,0,2024-12-01 12:16:57
15:46:10.367,326,318,485,275,441,21.3,46.8,518,0,2024-12-01 12:16:58
15:16:44.260,324,236,464,242,430,21.5,46.0,713,0,2024-12-01 12:16:59
15:47:54.435,335,252,480,263,429,21.3,46.1,594,0,2024-12-01 12:17:00
15:38:09.191,328,240,514,273,442,21.2,46.0,528,0,2024-12-01 12:17:01
15:09:59.297,321,242,458,246,431,21.5,45.0,779,0,2024-12-01 12:17:02
15:27:18.160,329,232,478,243,437,21.4,44.8,847,0,2024-12-01 12:17:03
15:13:51.375,323,236,465,234,449,21.5,44.1,714,0,2024-12-01 12:17:04
15:06:57.931,313,230,463,223,438,21.6,43.7,709,0,2024-12-01 12:17:05
15:22:31.386,326,236,461,280,440,21.4,43.6,617,0,2024-12-01 12:17:06
15:03:20.125,296,251,446,241,430,21.5,43.1,802,0,2024-12-01 12:17:07
15:02:51.044,310,239,453,244,433,21.5,42.6,691,0,2024-12-01 12:17:08
15:31:00.564,335,234,496,249,424,21.4,42.7,544,0,2024-12-01 12:17:09
14:48:09.389,333,261,468,274,439,21.5,41.9,357,0,2024-12-01 12:17:10
15:13:59.309,313,239,452,247,443,21.5,41.7,739,0,2024-12-01 12:17:11
15:22:38.250,330,240,521,246,437,21.4,41.8,735,0,2024-12-01 12:17:12
14:55:13.513,323,268,448,230,427,21.6,40.8,615,0,2024-12-01 12:17:13
15:30:34.159,326,256,506,238,434,21.4,41.1,613,0,2024-12-01 12:17:14
15:53:28.745,327,234,469,329,432,21.3,41.2,467,0,2024-12-01 12:17:15
15:01:48.673,326,243,446,247,433,21.6,39.9,568,0,2024-12-01 12:17:16
14:59:09.099,318,256,499,227,444,21.5,39.6,653,0,2024-12-01 12:17:17
14:50:32.523,320,270,440,232,441,21.6,39.0,445,0,2024-12-01 12:17:18
15:07:31.236,317,230,453,257,433,21.5,39.1,683,0,2024-12-01 12:17:19
15:49:55.383,323,248,469,257,437,21.3,39.4,527,0,2024-12-01 12:17:20
14:57:37.169,326,258,457,228,423,21.5,38.3,624,0,2024-12-01 12:17:21
15:04:52.664,326,240,461,242,419,21.5,38.1,662,0,2024-12-01 12:17:22
15:21:23.262,319,242,469,244,428,21.5,37.9,586,0,2024-12-01 12:17:23
15:30:56.868,324,245,472,250,440,21.4,37.5,614,0,2024-12-01 12:17:24
14:48:41.078,301,254,438,240,436,21.6,36.6,321,0,2024-12-01 12:17:25
15:47:15.861,323,242,463,238,426,21.3,37.3,575,0,2024-12-01 12:17:26
15:24:35.477,332,234,459,242,420,21.4,36.7,624,0,2024-12-01 12:17:27
15:18:47.419,324,228,455,235,434,21.4,36.1,776,0,2024-12-01 12:17:28
15:36:52.086,326,245,480,254,430,21.3,36.7,676,0,2024-12-01 12:17:29
15:08:38.926,321,235,458,226,430,21.5,35.7,676,0,2024-12-01 12:17:30
15:07:02.685,317,220,464,235,438,21.5,35.7,764,0,2024-12-01 12:17:31
15:37:55.988,331,246,522,241,424,21.3,36.5,605,0,2024-12-01 12:17:32
15:21:01.084,325,259,465,226,404,21.5,36.0,685,0,2024-12-01 12:17:33
15:47:31.182,324,229,468,244,428,21.3,36.4,498,0,2024-12-01 12:17:34
14:54:00.096,310,268,443,227,421,21.6,35.4,577,0,2024-12-01 12:17:35
15:29:02.765,320,245,471,252,441,21.5,36.1,515,0,2024-12-01 12:17:36
14:58:52.190,315,236,451,227,424,21.5,35.6,591,0,2024-12-01 12:17:37
15:04:43.678,321,248,443,224,432,21.5,35.7,623,0,2024-12-01 12:17:38
15:31:34.365,316,242,470,251,437,21.4,35.9,587,0,2024-12-01 12:17:39
15:50:01.191,332,250,537,250,425,21.3,36.4,483,0,2024-12-01 12:17:40
15:19:37.100,303,234,448,246,442,21.5,35.9,825,0,2024-12-01 12:17:41
15:18:32.091,322,234,464,233,432,21.6,35.8,753,0,2024-12-01 12:17:42
14:52:42.974,316,253,460,231,422,21.6,35.4,561,0,2024-12-01 12:17:43
15:37:22.718,339,219,482,250,438,21.3,36.4,502,0,2024-12-01 12:17:44
15:28:21.554,323,222,465,228,426,21.4,36.1,598,0,2024-12-01 12:17:45
15:04:42.092,308,235,449,200,430,21.5,35.7,641,0,2024-12-01 12:17:46
14:46:32.742,319,226,464,234,432,21.6,35.8,386,0,2024-12-01 12:17:47
14:47:09.188,319,242,486,225,436,21.6,35.4,315,0,2024-12-01 12:17:48
15:55:31.283,319,246,519,249,434,21.3,36.4,515,0,2024-12-01 12:17:49
15:20:23.591,313,235,454,246,422,21.4,35.9,673,0,2024-12-01 12:17:50
15:26:07.381,319,248,459,279,428,21.4,36.1,584,0,2024-12-01 12:17:51
15:38:21.864,322,239,476,256,422,21.4,36.5,578,0,2024-12-01 12:17:52
15:34:14.976,297,241,442,258,438,21.4,36.3,498,0,2024-12-01 12:17:53
15:40:03.266,316,241,461,258,431,21.2,36.4,569,0,2024-12-01 12:17:54
15:24:12.242,327,246,469,248,414,21.4,36.1,629,0,2024-12-01 12:17:55
15:24:47.629,318,250,470,243,445,21.5,36.2,651,0,2024-12-01 12:17:56
15:55:13.852,334,239,481,260,435,21.2,36.5,513,0,2024-12-01 12:17:57
15:44:59.059,329,245,492,259,424,21.4,36.4,564,0,2024-12-01 12:17:58
14:59:28.647,316,245,450,233,440,21.5,35.4,163,0,2024-12-01 12:17:59
15:08:13.540,328,221,462,222,439,21.5,35.7,723,0,2024-12-01 12:18:00
15:49:00.993,312,232,474,253,411,21.4,36.7,469,0,2024-12-01 12:18:01
14:59:17.028,323,233,439,231,434,21.6,35.4,744,0,2024-12-01 12:18:02
15:24:07.488,317,238,457,246,430,21.4,36.2,719,0,2024-12-01 12:18:03
15:48:12.921,316,238,488,257,430,21.3,36.4,537,0,2024-12-01 12:18:04
15:15:29.186,322,227,451,229,429,21.4,35.6,732,0,2024-12-01 12:18:05
14:46:31.158,320,241,436,286,427,21.6,35.3,427,0,2024-12-01 12:18:06
14:48:16.781,339,269,452,237,427,21.6,35.4,354,0,2024-12-01 12:18:07
15:32:47.803,313,248,473,245,437,21.4,36.2,593,0,2024-12-01 12:18:08
15:02:43.111,332,247,454,232,434,21.5,35.6,605,0,2024-12-01 12:18:09
15:18:42.134,326,237,478,232,436,21.5,35.9,768,0,2024-12-01 12:18:10
15:14:45.306,310,243,451,184,420,21.4,35.7,711,0,2024-12-01 12:18:11
15:27:31.901,325,242,460,243,425,21.4,36.1,653,0,2024-12-01 12:18:12
15:51:19.350,318,239,481,249,417,21.3,36.7,531,0,2024-12-01 12:18:13
15:56:29.901,315,242,475,270,434,21.2,36.7,721,0,2024-12-01 12:18:14
15:34:03.882,326,236,497,253,431,21.4,36.3,589,0,2024-12-01 12:18:15
15:28:20.498,312,238,455,242,423,21.4,36.0,628,0,2024-12-01 12:18:16
15:30:26.765,307,242,462,248,424,21.4,36.1,558,0,2024-12-01 12:18:17
15:12:24.668,317,228,460,229,425,21.5,35.4,773,0,2024-12-01 12:18:18
15:35:10.948,330,234,464,244,416,21.5,36.5,502,0,2024-12-01 12:18:19
15:25:24.603,318,234,467,233,425,21.5,36.3,676,0,2024-12-01 12:18:20
15:09:26.516,323,246,500,243,424,21.5,35.9,617,0,2024-12-01 12:18:21
15:40:13.831,315,250,503,258,429,21.3,36.7,501,0,2024-12-01 12:18:22
15:51:15.123,334,204,477,235,433,21.3,36.5,542,0,2024-12-01 12:18:23
15:02:53.159,318,249,447,229,438,21.6,35.6,693,0,2024-12-01 12:18:24
15:49:42.710,320,241,476,243,396,21.3,36.7,529,0,2024-12-01 12:18:25
14:47:06.547,324,246,446,223,426,21.6,35.4,338,0,2024-12-01 12:18:26
14:55:51.538,316,252,451,227,419,21.6,35.3,634,0,2024-12-01 12:18:27
14:52:19.735,319,265,446,235,425,21.6,35.5,483,0,2024-12-01 12:18:28
15:34:51.410,315,227,471,251,432,21.4,36.5,570,0,2024-12-01 12:18:29
15:43:23.482,329,238,476,255,430,21.3,36.4,532,0,2024-12-01 12:18:30
15:46:30.963,325,226,474,264,468,21.2,36.4,496,0,2024-12-01 12:18:31
15:28:51.142,308,245,469,250,439,21.4,36.1,685,0,2024-12-01 12:18:32
15:17:23.906,312,246,451,222,430,21.4,35.9,674,0,2024-12-01 12:18:33
14:49:35.478,325,252,459,219,430,21.6,35.3,341,0,2024-12-01 12:18:34
15:03:12.192,320,239,452,269,433,21.5,35.9,647,0,2024-12-01 12:18:35
15:25:57.871,325,238,469,239,439,21.6,35.9,577,0,2024-12-01 12:18:36
15:10:51.631,308,239,447,248,443,21.5,35.6,786,0,2024-12-01 12:18:37
14:59:00.641,316,242,446,228,433,21.5,35.7,703,0,2024-12-01 12:18:38
15:53:21.876,316,239,492,248,446,21.2,36.4,490,0,2024-12-01 12:18:39
15:17:29.719,292,236,448,244,435,21.4,35.7,689,0,2024-12-01 12:18:40
15:46:44.165,320,243,481,259,429,21.4,36.4,558,0,2024-12-01 12:18:41
15:20:19.365,316,232,463,241,397,21.5,35.9,613,0,2024-12-01 12:18:42
15:46:36.243,324,235,479,248,443,21.3,36.3,524,0,2024-12-01 12:18:43
15:36:39.412,327,233,479,257,414,21.3,36.5,528,0,2024-12-01 12:18:44
15:18:11.477,314,240,462,238,422,21.6,35.8,821,0,2024-12-01 12:18:45
15:11:09.597,314,235,444,237,419,21.5,35.9,761,0,2024-12-01 12:18:46
15:47:29.069,328,230,463,256,438,21.3,36.3,568,0,2024-12-01 12:18:47
15:54:22.086,327,247,473,249,424,21.3,36.3,588,0,2024-12-01 12:18:48
14:58:33.697,325,250,440,226,435,21.5,35.9,701,0,2024-12-01 12:18:49
15:35:25.732,317,242,468,234,406,21.4,36.4,506,0,2024-12-01 12:18:50
15:18:23.103,318,221,452,230,439,21.4,35.9,852,0,2024-12-01 12:18:51
15:19:13.843,315,223,461,242,424,21.5,35.9,791,0,2024-12-01 12:18:52
15:24:08.545,329,243,445,245,413,21.4,36.1,710,0,2024-12-01 12:18:53
15:37:51.236,317,246,469,239,432,21.4,36.6,563,0,2024-12-01 12:18:54
15:41:46.803,319,249,499,266,430,21.3,36.4,540,0,2024-12-01 12:18:55
14:56:43.819,315,244,440,232,420,21.6,35.3,663,0,2024-12-01 12:18:56
15:45:47.646,317,224,473,250,439,21.3,36.7,485,0,2024-12-01 12:18:57
15:26:21.112,318,256,458,241,433,21.4,36.3,612,0,2024-12-01 12:18:58
14:54:04.321,331,256,463,237,426,21.7,35.4,561,0,2024-12-01 12:18:59
14:52:40.335,327,252,456,223,433,21.6,35.4,487,0,2024-12-01 12:19:00
15:05:00.592,286,239,433,237,427,21.4,35.7,608,0,2024-12-01 12:19:01
14:58:44.266,305,246,454,222,434,21.5,35.5,606,0,2024-12-01 12:19:02
15:07:41.284,313,242,468,232,427,21.5,35.9,679,0,2024-12-01 12:19:03
15:40:04.323,311,228,471,244,435,21.3,36.4,494,0,2024-12-01 12:19:04
15:51:45.226,324,245,478,259,424,21.2,36.8,538,0,2024-12-01 12:19:05
15:44:15.232,311,243,468,255,431,21.4,36.4,663,0,2024-12-01 12:19:06
15:43:43.023,317,253,474,248,422,21.4,36.7,438,0,2024-12-01 12:19:07
15:35:39.989,329,234,474,246,437,21.4,36.7,613,0,2024-12-01 12:19:08
15:11:38.676,312,241,458,232,434,21.4,35.6,790,0,2024-12-01 12:19:09
15:21:39.104,333,246,456,256,436,21.4,35.8,674,0,2024-12-01 12:19:10
15:28:55.896,321,235,446,243,425,21.4,36.1,656,0,2024-12-01 12:19:11
15:50:47.133,302,244,453,246,431,21.3,36.5,636,0,2024-12-01 12:19:12
15:17:29.190,315,225,467,231,423,21.4,35.7,719,0,2024-12-01 12:19:13
15:49:23.173,331,236,463,234,425,21.3,36.4,462,0,2024-12-01 12:19:14
15:00:44.192,325,248,449,244,436,21.5,35.4,660,0,2024-12-01 12:19:15
15:37:45.428,328,243,482,254,439,21.3,36.5,464,0,2024-12-01 12:19:16
15:47:28.012,331,233,471,255,418,21.3,36.4,445,0,2024-12-01 12:19:17
15:50:49.245,321,242,481,252,428,21.4,36.7,516,0,2024-12-01 12:19:18
15:30:24.125,313,238,462,239,442,21.4,36.0,617,0,2024-12-01 12:19:19
15:10:02.471,312,241,441,251,427,21.5,35.9,783,0,2024-12-01 12:19:20
15:05:26.488,331,251,446,241,442,21.5,35.8,712,0,2024-12-01 12:19:21
15:02:25.664,322,249,440,228,428,21.6,35.5,649,0,2024-12-01 12:19:22
15:22:10.790,331,235,453,239,435,21.4,36.0,707,0,2024-12-01 12:19:23
15:01:08.506,324,245,496,227,427,21.5,35.6,695,0,2024-12-01 12:19:24
15:10:48.987,316,235,447,240,423,21.4,35.6,780,0,2024-12-01 12:19:25
15:11:46.604,326,240,443,218,425,21.4,35.6,762,0,2024-12-01 12:19:26
15:49:19.478,319,243,472,254,421,21.4,36.7,465,0,2024-12-01 12:19:27
15:06:45.245,333,249,465,243,432,21.5,35.7,671,0,2024-12-01 12:19:28
15:14:46.892,315,245,462,246,417,21.4,35.7,703,0,2024-12-01 12:19:29
15:29:26.545,317,246,459,251,417,21.4,36.1,619,0,2024-12-01 12:19:30
15:18:15.705,322,230,460,249,408,21.4,35.9,707,0,2024-12-01 12:19:31
15:48:55.184,321,237,488,250,431,21.4,36.4,472,0,2024-12-01 12:19:32
15:47:23.259,322,242,472,263,428,21.3,36.4,485,0,2024-12-01 12:19:33
15:03:41.809,305,241,463,222,426,21.5,35.4,710,0,2024-12-01 12:19:34
15:25:46.253,326,250,458,237,436,21.4,36.0,558,0,2024-12-01 12:19:35
14:55:32.527,310,256,447,224,439,21.5,35.5,627,0,2024-12-01 12:19:36
15:50:40.270,321,237,526,250,425,21.3,36.5,507,0,2024-12-01 12:19:37
15:08:16.185,324,231,465,235,436,21.5,35.7,735,0,2024-12-01 12:19:38
15:10:03.528,324,240,455,265,432,21.5,35.4,786,0,2024-12-01 12:19:39
15:05:48.688,325,244,458,139,437,21.6,35.8,723,0,2024-12-01 12:19:40
15:50:51.358,313,241,477,242,410,21.4,36.4,482,0,2024-12-01 12:19:41
15:05:53.971,320,241,461,228,440,21.5,35.7,691,0,2024-12-01 12:19:42
15:13:58.251,318,236,453,235,419,21.5,35.7,761,0,2024-12-01 12:19:43
15:26:45.936,316,247,469,293,427,21.4,36.1,595,0,2024-12-01 12:19:44
15:28:46.914,328,226,467,241,392,21.4,36.2,610,0,2024-12-01 12:19:45
15:17:10.691,324,233,458,229,428,21.4,35.7,821,0,2024-12-01 12:19:46
14:50:08.227,323,267,466,238,430,21.6,35.8,429,0,2024-12-01 12:19:47
15:42:26.429,326,239,479,249,426,21.4,36.3,541,0,2024-12-01 12:19:48
14:59:29.174,318,246,454,232,435,21.5,35.5,636,0,2024-12-01 12:19:49
15:09:11.182,316,227,453,233,414,21.5,35.7,812,0,2024-12-01 12:19:50
15:18:33.677,318,233,458,240,420,21.5,35.9,744,0,2024-12-01 12:19:51
15:44:50.612,321,244,471,251,420,21.4,36.4,548,0,2024-12-01 12:19:52
14:53:54.815,319,250,456,226,433,21.5,35.4,344,0,2024-12-01 12:19:53
15:02:51.044,310,238,447,230,426,21.5,35.6,691,0,2024-12-01 12:19:54
15:31:21.690,300,251,465,248,436,21.4,35.9,649,0,2024-12-01 12:19:55
15:37:29.054,320,239,482,240,436,21.3,36.5,573,0,2024-12-01 12:19:56
15:54:18.389,322,202,476,240,425,21.3,36.4,522,0,2024-12-01 12:19:57
15:22:54.092,321,243,446,293,425,21.4,36.0,644,0,2024-12-01 12:19:58
15:33:58.073,321,237,459,251,429,21.4,36.3,446,0,2024-12-01 12:19:59
